GROUP_ID,GROUP_NAME,GROUP_LINK,MENU_LINKS,TAG_LIST
c57e55f136284e34bf6bd233e46ba038,OriginZero,https://www.facebook.com/OriginZeroClub,,VTuber
0bc1317fd06c4b88987763eb633573ba,MAI,,,
eb4c2c42192b4dff951859cbe8c4360b,心重力動漫工作室,,,
9049725ef3604d07bb760fb80939d535,蒼銀之星,https://www.plurk.com/Aokihoshi,https://www.plurk.com/p/3j1vtf0zjt,葬送的芙莉蓮
3b64127621584810b89116995a5f31ef,殺必死天國,https://www.plurk.com/hayashi_kenji,,冥戰錄
6f2af6c9730e47b28c2c953107067149,闇夢館,https://www.facebook.com/darkmaya12 ,https://www.plurk.com/p/3j0nexqu8u,"原創,妮姬,寶可夢"
2dad3bcd758a4fc18fde9fd3a927c8ed,三色坊,https://www.plurk.com/PAIZERO,https://www.plurk.com/p/3j1s0mrrq0,原創
c565ca9d5b734d6eaddbbfce7926946f,有害蕈類集會所,https://x.com/MIMIT2023,https://www.plurk.com/p/3j1bz4rg0x,原創
656890640c6b42808f0c7c885b44142f,BsWs黑星白星,,,
cd6d40932f9846319a560a8a31c3fe3a,黑蛛白蛛,https://www.facebook.com/Reina.BsWs,https://www.facebook.com/Reina.BsWs/posts/pfbid07rgpuJgstN4vLP2WXQ6eUnM9v4UtXr4fwJc3rTnurRVR5LZJCRa7sbCGrPBnbSmVl,絕區零
d61d4c3f39754f88a865fc0b1338ae07,御狐亭,https://linktr.ee/kosuna.ion,https://www.facebook.com/xiao.sha.kosuna/posts/pfbid02uu1JkMhbPFScikLQYLfnhFL8XZdTQRn6xFSWU21HM1gtTFcWEE5arhZCsA5Cb3Ul,妮姬
ce71a9af50d7411a8bc24c0a73663e21,Cabbage_ex 白菜滷,https://x.com/cabbage_ex,https://x.com/cabbage_ex/status/2087599314449404043,鳴潮
fe20bd6435634d188378bf678f5f8757,楓糖藍莓塔,https://www.facebook.com/dabieagle,,
54d135f8c9b44faf979aad2642ac398b,traco strawberry,https://x.com/itsuwa0815,,"VTuber,Fate"
b76cc5f645e5461a87d80cef106aa0d7,Himoata,https://www.plurk.com/fcfd123,https://www.plurk.com/p/3j0s5si0s2,妮姬
7e3fa81d319b42c280174fdeebdd63e3,OHLAND,https://linktr.ee/dace2733,https://www.plurk.com/p/3j0cg221o5,妮姬
8b2d84a3ba134c1294a0221e2ec7a4ee,lawliet liaw art,https://x.com/lawliet_liaw,https://x.com/lawliet_liaw/status/2085047177920020492,妮姬
66fcdf557da8498c89d94d3141ea45c0,妖幻狐,,,
3852cf40bd84441ea0f88a32788f2ec1,小波波利那可可,https://linktr.ee/thenami,https://www.facebook.com/permalink.php?story_fbid=pfbid0J1t1V3szqUFUkoX6K46aUBVgruKCdQSzz1xfoKkxWWVpuHGVTzmTZNHAoLX8UsPXl&id=100073147566142,妮姬
a5befa0338f447d6a457d4ce94a60c5b,兔仔咖啡凍,https://www.facebook.com/usagikohizeri,,劍星
341617cb18be40d298de9dd9b5e7ad6b,方舟特別市,https://x.com/ArkMetropolis77,https://x.com/ArkMetropolis77/status/2089280227973505513,妮姬
82ef6830c40345faba33b9d7b40257db,姬瑟研,https://linktr.ee/dean0011,https://www.plurk.com/p/3j0vr9b5sn,"妮姬,VTuber"
acc944f159b146da93a60de14d1d5571,1%小風,https://www.facebook.com/FFFfengXX/,,"超時空輝耀姬,VTuber,我推的孩子,第七王子"
7116f550ccb64719acd05a43368820a2,銅雀臺,https://x.com/BBirdTerrace,https://www.facebook.com/permalink.php?story_fbid=pfbid025SEG6Q1XPFpqzuv9bdo4ZLL7beu9PARCpAUbxUyUXD6t9VJzUcWz6UVpK63mGC93l&id=61552249589321,鳴潮
89790c57c6374421b6b161bbdc38625d,淺墨閣,https://x.com/asaba_6771,https://x.com/asaba_6771/status/2086769111464653031,鳴潮
4989d6a91d1141ceae060fccd032641f,一米七雪貓,https://linktr.ee/yukineko0975,,蔚藍檔案
43059e6c76af4b6e8208dfd63e168535,wasa米米米,https://www.plurk.com/qwerrrttt1,https://www.plurk.com/p/3j1sedu7dz,鳴潮
54e717c901be43f98a57afc7c377740b,NoazZark-NZ,,,
54ec9387034c4635a36d2560c67170f0,放課後、櫻Cafe,https://x.com/0913sakura_cafe,https://x.com/0913sakura_cafe/status/2081055521742958711,鳴潮
337e04aefe924ab9bb3e14075b5d3541,帕淇Pachi,https://portaly.cc/pachi,https://www.facebook.com/pachiart31/posts/pfbid02KneCKRRrSi7yRGQa1bSB5DtFyHbLsf7nhfPqXirAyD4u6gwTXJgA7dEkc7tLvJGSl,鳴潮
5663e405faa346209e6fbdc7e394511b,Luminous冷凝,https://portaly.cc/luminousart,,絕區零
f01fa0a31ac742d89f227fd68fd16cf9,居狸GLI,,,
4b112cc9b85e4fcbaf51ad8b1689dd51,肚臍轉圈圈,https://lit.link/en/duchi0356,https://x.com/Duji0356/status/2086023533155766579,"絕區零,VTuber"
142f961bed704c4e8f490ca3d09b1de7,鬍渣大叔,https://www.facebook.com/s9654431,https://www.facebook.com/s9654431/posts/pfbid02b5s3vByczzCDjbiCS5jtRhy9fP5tRTPeh8NYijt5Ds7h5vXQwR1d99FQRLvvuxzSl,絕區零
d26862a7169d4075a26e538a5c464402,吉喵熊熊,https://www.facebook.com/wu.xi.ya.458042,https://www.facebook.com/wu.xi.ya.458042/posts/pfbid0z41WqZ8ggWqMouiHPMDNK5MjNWiCD3AD4qix6EpPpktEaJCGTiEcpFGoQjcCBiXVl,"星穹鐵道,絕區零"
27005464d2a54b5aad9e87b2c6a8675d,老農李澤的大菜園,https://www.facebook.com/li.j5269,https://www.facebook.com/li.j5269/posts/pfbid0S1FwHjae4xSPUywJhsWox6np4VVcvZXsvUFH8CUwifriSjdwHAhTuBdvUb3NMr5Pl,絕區零
d1adc5695e7b4528b1bbfbdbea115436,leo795的暫定名稱,,,
afbbf051372b441f8fcebecee5cb4bec,Shawn_artTW乾你拿,,,
480d939b644146d4a9e7bd761c27b707,鳩DEVIL部,https://portaly.cc/jojosensei360,https://www.plurk.com/p/3j0w6ogcr2,絕區零
db126553ef364b75ab247991df0b76bf,SuperAppleMan,,,
0f6294de4b3d4d7f95b6e55b307c395b,娜卡黛西,,,絕區零
9d64aeca86e8402b9ed66a6bce1b31f0,Ame,https://www.facebook.com/ameart22,https://www.facebook.com/ameart22/posts/pfbid02CQySx4y7RoZWKbdE5NbEFDPfPEAA2qjgE2NpbbgRThP9g2ZnErTL3rHZUqTSgFfbl,絕區零
96d74f16fbc1443f86d10958a6f88679,三酸化炭素,https://www.facebook.com/k2illust,https://www.facebook.com/k2illust/posts/pfbid034FshAtZGJTC9rZxbaXwedAwSBLGso3mpHjigmhi8tCZc3wf6tgR9zWumakbneLBAl,"絕區零,蔚藍檔案"
3a6b185318c8415bb7fcd687f800e81a,Lotai愛莉塔,,,
da08944fad2b489ba9eea3a85e17f791,翻車貓MoNya MoNya,https://www.plurk.com/MoNyaMoNya,https://www.plurk.com/p/3j1ra27k99,"蔚藍檔案,妮姬,VTuber"
b43aa9dd0f8a4f768883416d11e025db,七叔神社,,,妮姬
8a02bd9b0d49435da1702a73a08924ea,Shouyou,,,妮姬
3869e7cfbe3a479bbf85479993f783c4,草莓電波,https://portaly.cc/Jamama,https://www.plurk.com/p/3j1m99d0n9,絕區零
30fc73e1091f49de9399736a3ce9f072,LA69,https://www.facebook.com/profile.php?id=61576985875334,https://www.facebook.com/permalink.php?story_fbid=pfbid0KzmNiNk6mEzHC5dF8aDuF7JbChu2SKraauXyBLxEtezDrwJguov9wBGC3o43JBTal&id=61576985875334,絕區零
e049e45886e14764bbbf170c8b1b9790,茨城的繪圖小窩,https://www.plurk.com/nick20405,https://www.plurk.com/p/3j0m2gs69i,"MyGO!!!!!/Ave Mujica,明日方舟"
c97e1a3218884dc189388507446417cc,RMO個人,https://x.com/helenten0524,,
b8487f9560bd4179befe161d0da75954,404便利通販,https://www.instagram.com/beardad850414,,
bee9b957996d43bdb3fe3a2c66a42666,雪兔紙,https://lit.link/en/viqusnow,,
fbd5cdb9b88145e9b6b11dac696de4d2,奶油湯匙,,,
1d9edb0069a64e0bba231d3f1843bcea,wen,,,
d5d46b1a36bb48b9aa39b98846be17b3,旅月月,https://lit.link/en/tabitsukimimiko,https://www.facebook.com/travelmoon85/posts/pfbid0Wjodq1UEskRj5z2tKQrdTAJ6J8BM15aKMDghGhTDDpqUMQxcdkwrcMn25DzoQ61Hl,"星穹鐵道,世界計畫"
a2537e39dcb343f48ae9d25d6ba645c2,NNK777,https://www.facebook.com/nnk77777,https://www.facebook.com/nnk77777/posts/pfbid02MH96R3wGGaDM5XLfdawA5fbDyUMxj5ZGUygpNwgccnARtrRZBfmm9VZcn84aat5yl,星穹鐵道
7a80a7bbe6ee4f11acbffbb887a6b715,尾戒螺旋律,https://www.plurk.com/pinkyring,https://www.plurk.com/p/3j0c9xc3fp,星穹鐵道
4c152804ea774931ad78fc3b06a3b98c,小顆子,,,
a5807e4f44674f90a3c2ee3ce7e86054,空白頁。,http://yuutsubasa.weebly.com/,https://x.com/yuutsubasa/status/2084282258652090543,星穹鐵道
579606a77c0a476a8a1c185316f8588e,美味兔堡,https://lit.link/en/muling0606,https://x.com/MULING0606/status/2089643728046571999,"絕區零,星穹鐵道,原創"
7b31056b37ec4855af4b37e50f26469d,NABI0 蝶呤,,,
5d5b18361a944c7eb71b4789d34b72a4,Shirakawako,https://x.com/JunYuriJP,,原創
66b2883571124284a161099cdde5b106,Jun&Yuri,https://lit.link/zh-tw/junyurijp,https://www.plurk.com/p/3j1c1k9g59,星穹鐵道
7a43b4e93b2e43a8816f627fb65aab3e,星米恩,https://linktr.ee/richard04707,,星穹鐵道
a2c2dee6d5b04bdeb5dc04d1a9b2fb63,Wish+希冀之翼+,https://x.com/sakuranoruu,https://x.com/sakuranoruu/status/2089641605603217797,"光之美少女,星穹鐵道"
b4c0dddf14094aecb6b130fac62582ed,黒炎紳士,https://lit.link/en/peter02713,,星穹鐵道
be551dbb06e0480b8e4a64ba36092600,興趣始燃,,,
0c687a1c598f4366abe9a16405e8f2ba,冬雪紛飛,https://www.instagram.com/fuyuha_21,,
26fed796afd54bd584793d0f4863f8f9,烏龍拿鐵,,,
156600fe7d804fc1ba834160a539dd65,咪乓,https://www.plurk.com/mixiang2000,https://www.plurk.com/p/3j0skwisnh,"FGO,VTuber,賽馬娘"
2c36521b424441e2aa6a695308cb3bf3,米鬚的攤,,,
ee127ef4f1344f8dbc146060a19f24fa,捷昇事務所,,,賽馬娘
49c1bfd1cb824283a0af15873f62718b,JTGroup,https://www.facebook.com/klm.lee.14,https://www.facebook.com/klm.lee.14/posts/pfbid0327p2sRYBqHWkyo31kbmPFXfVFn8MRUt5Gc4hqyB9b26DaqzAktMqHhF6zHXLheEyl,賽馬娘
a1b91414407f442a916175cae9c4f22b,NANAKEN,https://x.com/qijian23092715,https://x.com/qijian23092715/status/2086032687719235756,賽馬娘
c058864e34744bc9a96c46e58ffc41dc,塗鴉星狐窩,https://www.facebook.com/StarKitsuneRan/,,
cbf7ffb38b5443679712fef5717edd42,空想工房．Reverie Studio,,,星穹鐵道
d880470b09704be98f3a11a0e0e71e8d,Ya喵子的貓窩,https://www.facebook.com/yanekomeow,,寶可夢
5eede7fc36e249f888eb0e435e47a89f,貿貿咬一口,https://www.plurk.com/LoryMomo,,
9b2752c4b33d41dd9379bce3bc3bfd2d,藝吟花園,https://www.plurk.com/hshshs20160503,,MyGO!!!!!/Ave Mujica
84dfdd8d8c5744f39a6a8f42271a8b95,書櫃裡的謎之物,,,
7b543404480948e7a3bbbb925a5fc4d1,貓兒迷雅,https://www.facebook.com/peas0125,https://www.facebook.com/peas0125/posts/pfbid031DHPUt4zeVwGReXtwBPXWmjWRDp6LTmSJ9ABkQWJ3oRqCEeSxCaaRKzedWFQ7i6Hl,原創
4fe5db77b4c54096b309ecedd72827fe,咩咩繪夢工坊,https://potofu.me/kbmie,https://www.plurk.com/p/3j1qp0yaly,"寶可夢,迷宮飯,膽大黨,絕區零,葬送的芙莉蓮,星穹鐵道,蔚藍檔案"
54a7f917d282484cb4a527e2bdb67265,任務了解,https://x.com/sefiloms,https://x.com/sefiloms/status/2089933148067135756,碧藍航線
1804ac5455174c5fa40562d0a99acbe8,Ellie工作坊,https://x.com/JElilianamiku,https://x.com/JElilianamiku/status/2083159775249060143,碧藍航線
21e888ca4cc349c986433d1f9829a61c,御用飯糰 Onigiri,https://linktr.ee/xrzball,,Arcaea
d44adf84221f417cb5b9c1921ae3abf8,特級菇菇販賣埸,,,
12c0433e36ab4debb79b79d10656d2b3,紅色荔枝樹,https://www.facebook.com/akarizu223,https://www.facebook.com/akarizu223/posts/pfbid0pscaafZHSRFkrY2zTkfRqbxq3S4zS9tZQQGoGFfVdQ5fmjvZPboNic3vmaAmk9Ehl,maimai
23c3269f390547249fed99eb6ec93a98,舞舞神拳,https://www.facebook.com/hai.ye.tako,https://www.facebook.com/hai.ye.tako/posts/pfbid02x8ci5nbuWandvYrwnXLWnfG72g6WLPztG9bnoc51Fsnh5oQKMBWkFZ5aFb4KFCsPl,"音樂,maimai"
f25214a7c3f84d19beceae20d27ba16e,奇怪的東西混入了,https://www.plurk.com/renda_desu,https://www.plurk.com/p/3j1qae5v37,maimai
f111a42275cd4ed3998e2a5d31fab07c,沙拉油滑倒油,https://www.plurk.com/Yonney,https://www.plurk.com/p/3izd0ou5ct,
c0d5cfb48647404e8fd40f294cbb7f32,風光宴會,,,FFXIV
ad7fb22a54a84c199875627e02909b13,SyuanIshen,https://www.plurk.com/gjes90251,https://www.plurk.com/p/3j1n28mm8q,九日
d689e928213d4dbdab99034d30437fc3,貓窩沒有貓,https://x.com/woodhxx123,,蔚藍檔案
13632be19613494aaa755b83d2e812bf,G.A.S.,,,
53ab0e1a944e4e518c0b44939dc9afde,MacaronKnight,https://x.com/haundo_b,https://x.com/haundo_b/status/2088782603021349190,
779c2db3f7a34b1993874e4b06c2a44e,共聚物精靈Copolymer Wizard,https://www.facebook.com/jeff.shu.7,,
c79b255589584ee4b0bbf04da0520976,延畢牲遊戲研究所,https://portaly.cc/delayGG,https://x.com/DelayGG0508/status/2088950397318631639,原創
9846c640e5e947c8a331f57fda1f6ecc,Hosto,https://www.facebook.com/hosto.lam,,
84f61d5e03514290807f4743027be489,WaterRing 水鈴鈴,,,
f54795f5f6424066ad39cbc2cc812be9,狛荷屋,,,
86797b41a77f45908e5f9291fc72acb0,玉草工業,,,
f681c15d9b1c4ae58a17d3f4fe27291e,8七兔,https://lit.link/en/8nanausa,https://www.facebook.com/wu.zhu.ying.361685/posts/pfbid02bPyqHFMPbjeXnvqjJeFPfTWrwayuZQDeGcKcxWwRchKZhUkUxvyqnm6Ck5LEWMW6l,VTuber
7734778176644a7ea45e58a302f84563,FOODpenguin,https://www.facebook.com/tsenp.shuju,,明日方舟
75429ee476e246d4bab8d65e22f54a36,xinsworkshop,,,
d1b9c640729c4fc08160bf5dbb8e99fb,今天不想畫,,,
57d9dac830684074ac826e1b29e13f86,sentter森特繪,,,
43ad679d1eb34b40ae24801119495732,紺色果実,,,
42298bf6bdbe45ffb758e065a510aef3,幽塗,https://www.facebook.com/yiokaki.owo,,明日方舟
9bb81821d38d4786a0fa420047ecaa9a,44c_isaac,https://x.com/44c_isaac,https://www.facebook.com/ssd.ada.831152/posts/pfbid0ff2b9CHt2jj7mFjtzf631gikdjKDEUJGQwDZfym1m8cUAH5GBkoUYxQxTNLhtBLzl,明日方舟
8f174af154d84eeab5a977f94c367dae,跑跑鼬 Runyo,,,
fbfcdb599539411f87ff8d0f313cb22c,古比,https://lit.link/en/gubiTW,https://www.plurk.com/p/3j0luv7qqu,明日方舟
1b8a68c086fd47798fbf23f7c735220d,符合舟禮,https://www.facebook.com/lie.char.3,,明日方舟
1be9406a9c674e4bb72a7083af5da427,邪惡明太子,https://www.plurk.com/Mintaizhn,https://www.plurk.com/p/3j15i06r95,明日方舟
476ff5c43ab0473cb2c0d58fbc2c39f0,グリモア,https://www.plurk.com/Maca105,https://www.plurk.com/p/3j1na38i9y,公主連結
2c4ddae318c04000a168e69bc7832451,nAKolus,https://www.plurk.com/nakolusu,https://www.plurk.com/p/3j09rt58hl,棕色塵埃
a8fa6bde98f04e529d87e5aab25f0017,Kivotonuz,https://www.plurk.com/cyclonewars,https://www.plurk.com/p/3j0gnp5nj5,"蔚藍檔案,棕色塵埃"
f35b0517275046439b752a3d39f4837a,悶騷的盤子,https://www.facebook.com/profile.php?id=61558258981354,https://www.facebook.com/permalink.php?story_fbid=pfbid036jVGjaEQJbWhWC4wqkFRpkAviB2ChusoMxUoTG84W8KjKhtxDzKRjUPvK3qMDbXfl&id=61558258981354,"魔法少女的魔女審判,MyGO!!!!!/Ave Mujica,Girls Band Cry"
1d04a780496c4a98ba4cd81cd196f34e,桑尤姆的部屋,https://x.com/kino_na,https://www.plurk.com/p/3j0x6ol8qt,活俠傳
940e883218194e9dbe1cdb76549c2205,Shadow sensei,https://x.com/the29657036,https://x.com/the29657036/status/2085015750855840233,"活俠傳,水星的魔女,蔚藍檔案"
614b76e39f60487f906f6170e0920c98,萊納的鍊金工廠,,,活俠傳
2586c17e2df7493aae2639265944afaf,稻羽茶屋,https://www.plurk.com/kashiru,https://www.plurk.com/p/3j1i3r6exe,艦隊收藏
98aaa115e51c49cf87ff163e2a391ddc,さざなみ壊変_,https://www.plurk.com/kazupi,https://www.plurk.com/p/3j1wshcjve,艦隊收藏
1df2d2493be543cb9d6d50a5c19771ad,瑞宅,https://www.plurk.com/ray83222,https://www.plurk.com/p/3j1s7ztrao,艦隊收藏
90ca599b59d24dd09751e8038b09ea30,秋森萬玩具店,,,戰鎚40000
3d2c795cd4304bfc85edb5f16d3c58a5,EATOS,,,
e60bb39ae6ae4850a5c143b835595945,雙雙屋YOYOYA,,,
f64913de789b4428845a5f9fb187c264,多肉生物,https://www.plurk.com/peter781226,https://www.plurk.com/p/3j1rvs7i72,原創
f3195a85d1a84b6397689f1f6fd2b2be,Chip薯片沒朋友,,,
3f773eb3835b4c74a98977c264d185db,修修咻ACG,,,
fb7e7eed4be14dc4aee11654c86b493d,南方山竹筍,https://www.doujin.com.tw/authors/info/bbsame,,章魚嗶的原罪 
9a1ac1541f1c4d1b892ff016532f5f66,Hoodier Collection,https://www.facebook.com/HoodierHG,https://www.facebook.com/HoodierHG/posts/pfbid024PJUftn6ryV5L9gGpS7nPqFrCwYt1rVqZmrKZKZH2FKFui9dAzfHTXduzE4bHnB8l,Fate
a011c297d89d4f249bcaf0109b768b97,鉛筆盒,https://www.facebook.com/qian.bi.he.2025,https://www.facebook.com/qian.bi.he.2025/posts/pfbid0pz4AzStV1k5RJZFSxAoSs9p8qSQXvizUcFkpw432Y5gojNiGcdX7TvZPvZEYKtRVl,原創
6c0ada650a0c4f61bb2206f3d56fa66e,[CHOCOLATE SHOP],https://x.com/chocolateshop_i,,Fate
048f6fedad9542ecb6f6c9b20aaa6c41,助客勃,https://www.facebook.com/zhukebo,,"原創,VTuber"
33972eabaa11417abd2a2d17591aab82,炉研所,https://www.facebook.com/jiang.wei.ting.241286,https://www.facebook.com/jiang.wei.ting.241286/posts/pfbid0QwZ58ksmrtibntUqitwYH44WupEiAV9C9gAkRdq15GYTCe4MwQM1csMMU4bpAKt4l,"VTuber,蔚藍檔案"
e34084637fb74a108479360b962c2cfe,兔子老大,https://www.facebook.com/usagibosu,,蔚藍檔案
5ad7811572234a23888e55cf409329c4,甜品製造所,https://www.facebook.com/liu.tong.xue.241219/,https://www.facebook.com/liu.tong.xue.241219/posts/pfbid0wfs1wXnnh1hoRDgCTX9PCg29Ycb3pXrYuc2wqpZyhpsWWn7JCAAWvsfd2LXVbHLrl,"學園偶像大師,MyGO!!!!!/Ave Mujica,魔法少女的魔女審判"
8a1af56f4e7842b79528e9511c6c5192,電梯上樓,https://www.facebook.com/lift.quarter,https://www.facebook.com/lift.quarter/posts/pfbid07ytyud4QWxLNAewoqdK5fAqPfyMPJKWCGevx5ekquxVFg9THsBXumLd3Hfv4b4Cvl,學園偶像大師
355cbc8e62444eb6b1ced34cb92a9520,台北人,https://www.facebook.com/kun.salamander.3/,,"MyGO!!!!!/Ave Mujica,莉可麗絲,蓮之空"
a1b411a51d7d45a2be97fea16476332d,憋氣直到完售,https://www.plurk.com/b_project___,https://www.plurk.com/p/3j1s1lvup3,"學園偶像大師,原創"
d88c1d5bb7084b0897a54689315767c7,得閒飲茶,https://www.facebook.com/ylvickyycy99,https://www.facebook.com/ylvickyycy99/posts/pfbid02cRJG7U7wSyv5tzbdSf5yX5z9VzwEBa3qthD391tD49GMoH5u8fKTUiUCBbzb49hNl,"學園偶像大師,偶像大師,光之美少女"
1f2a66b81061479ba2e599142d40442f,依琉iRu,https://www.facebook.com/PuddingPurin0506,https://www.facebook.com/PuddingPurin0506/posts/pfbid0GYaruMbQjwq4Pto9mSAvyJCW2rEy8KLQSi8TULvxRp8gjYLujfAXWqaxwLPREJKjl,光之美少女
3b3167f0c2e946c290cc0359081bd92d,風藝windarteam,https://www.plurk.com/windart,https://www.plurk.com/p/3j1sor7sod,"學園偶像大師,Love Live"
1e591382915c4f95b2bbe2a681edff75,蝶屋和猫,https://www.plurk.com/altheavin,https://www.plurk.com/p/3j1wvggx57,學園偶像大師
7d50085907754174a70c44f8c44620e2,林檎效應,https://www.plurk.com/MurasakiO,https://www.plurk.com/p/3j1coadz90,"FGO,超元氣3姊妹"
90dfacac79e349db888bdaae8b8df7e1,環繞著土星的光環,https://www.facebook.com/tama48849,,
95e83f633a874c9fb7c59d1e52a0bf90,青雨閣,https://www.instagram.com/chj_joanna,,"原神,星穹鐵道,絕區零,明日方舟"
acee293d8f3f4325828442ec8e81bc4d,いちごうららか,https://x.com/erisize,,"VTuber,絕區零,蔚藍檔案"
4a05830ee13b4d8f868039851c9fa25c,ETERNAL LAND,https://www.plurk.com/eland_6U,https://www.plurk.com/p/3j1rsuc3s7,"原神,絕區零"
50a3ed34d36b4cfa8743b3baf1d0adf3,Varlyn琳,https://linktr.ee/Varlyn.art,https://www.facebook.com/chen.varlyn/posts/pfbid04icziQMZ7DRN4M76ez5fLvbpfsHBs8cXo8f8eAuoG7GmBWbj2cPhzPjvUQVp5Ys4l,原神
ba00c263cede44a7bdd0453e40e2046e,Ebimochi蝦餅,https://www.facebook.com/ebimochi0306,https://www.facebook.com/ebimochi0306/posts/pfbid0TevdkoT1e3VRfEjg2j7DKZTLWJv9UcFekPPoXsLx156Tk24ZDvBfDWDo7GoG6prql,原神
21f2cb735e9c47b98471190991f709dd,萌妹子前線,https://www.plurk.com/mopackp09062,,"少女前線,蔚藍檔案,VTuber,賽馬娘"
aaff696baf2741d5b59e72fa43d9041e,Blue civet,,,
7f2d3d1ebf3444088a1b4e415ef2ac15,まふゆ,https://lit.link/en/mafuyuuu,https://www.facebook.com/neko.winter.9/posts/pfbid07kuLXgSjEpAoJKSpxep2beMn4tmFW24VnhEUFUpNW4nH6U2LWa1sRDb1DH52ggX5l,原神
fa36516f68f941af8a67867588115c60,吞星之鯨吞我心,,,
ad2c02fae6a146a894c119b306aa479f,GODNASK,https://www.plurk.com/godnaskdigi,https://www.plurk.com/p/3j1roqt0uc,原創
0690a5664170436abc97c2b5d4894799,大同大學ACG繪畫暨藝術研習社,,,
52aaae2468f3429e868587b090a6b30d,CloBA ART,https://www.facebook.com/baqlugo.clo.5,https://www.facebook.com/baqlugo.clo.5/posts/pfbid0ZcuDJgFXWuuw9VysAovuQzA9vjUwEJZKvoWeQDwgEdaQ4dJa4bmMtPSrTMhbJsf8l,"原創,上伊那牡丹"
2cbb059bfcaa4e6b870e01670fbbc1b8,下空社,https://portaly.cc/TUITDC,https://www.facebook.com/TUITDC/posts/pfbid06q4TdbALMRxuH8VFukeu5Bv2qVEopdjWSXDdWVFusFB6oCpfeZJKS1koHkCu6jNRl,原創
3a5b5e038695480ca2693bd527508528,Karen,https://x.com/chung791114,https://x.com/chung791114/status/2089227947534414113,原創
fcade640a58d4df2b106fccb60b9d63e,ANGEL X ANGEL,,,
3cae6990bb13498b99c7ddae2740ca73,高橋わな美と日本・福島・台灣拉麵組っ！,https://www.plurk.com/wa_nami,https://www.plurk.com/p/3j1wy3a1ej,原創
0b119640657244b9b13cc823914ff693,即樂堂,,,
771611f4769c41758ae7b244da9e1896,やまぐちぷりんと,,,
ae5ea1991c734984bda23863ce37db8c,カカオポッド,https://x.com/kakao_rantan,https://x.com/kakao_rantan/status/2090002762226671746,
656a0e721e4947afb5a1006c9d125a87,LunaBerry,https://lit.link/zh-tw/nannanananaunau,,
bc07d7cf54904a6f86f8981394218bb8,Nekoatlantis,,,
dda617545abf46e48614381a3c1312df,みりおんばんく,https://x.com/senomotomb,,
6433d647188448929871292a5c2179f0,しゅにち関数,https://x.com/syunichill_,,原創
b2a5c7a116684c54832c1c171ac37548,KAROMIX,,,
50a8be8c036d46118583e39467a2bd3b,TRY&方言二人社会,,,
24659afb9c314443af95d0d4972cca67,KAWORU卡歐露,https://lit.link/en/kaworu1030,,原創
789257e65ddc4618b00a21c2e196f32b,葛西的腐敗西瓜園,https://x.com/HungKasai,https://x.com/HungKasai/status/2086326576808136756,原創
535cf528c71e46c7bf45089de8b9c0c6,Yuki Azuma / Imomuya – Singleton,https://www.plurk.com/yuki_azuma,https://www.plurk.com/p/3j1n13j88i,"原創,光之美少女"
b8813eb5694749a29e9c21ff75d3c68b,aPriori,https://lit.link/zh-tw/menyakuranari,,
12e6f9cbb1d448eca54396c319686282,Faunas,,,音聲
7632df65c30744738cb236e62f46f362,Handoru 寒濤旅社,https://x.com/HandoruClub,https://x.com/HandoruClub/status/2087169595811705090,音聲
3ad1ae43830049309947e9100a821926,ISKM伊聲懸命舖,,,音聲
f8695c0396a14fc9af0b6f33e1895ad3,A-ONE 日,,,"東方,音樂"
193b1d0507c84180ab6f6d59ddb1ed61,超易孕妊天堂,https://www.plurk.com/qaz0912309057,https://www.plurk.com/p/3j1pq5420c,"原創,蔚藍檔案,公主連結,間諜家家酒"
dcb0dfbe1cc046598740d292b4526474,世界樹圖書館,https://www.plurk.com/QUESTION_1080,https://www.plurk.com/p/3j1sbgumw2,原創
2854cca26fe1452db51e5b0bbff5b666,柏斯X南門,https://lit.link/en/bosstseng,https://x.com/boss_tseng/status/2088226631542554624,原創
047efef542e34abda7e7c7c1a6268555,FENNEC,https://x.com/yama_030,https://x.com/yama_030/status/2086739343130202518|https://www.plurk.com/p/3j1mf22y70|https://x.com/toastwaha/status/2089297137997889650,原創
7349096d1e1d4d619707c18c4e4ae0e6,白い狐の住む社,,,
224da72c9f6947328404459a58f1676c,米ナス,https://www.facebook.com/yumemida,,原創
11a03f554f7c47309fd1fa229bb13aca,white parabellum,https://x.com/lemon_mito,,VTuber
42417c9a3a284bbd88612e82737b0f22,XTER,https://x.com/XTERcomic,https://x.com/XTERcomic/status/2089622481619550526|https://www.facebook.com/Yakimi27/posts/pfbid036PAqkHpDPmfocL2skHnUmK7ujy9XtP5STfTjhxUZ3KH7p34peUQAy9RrD4YFdJPKl,原創
c47cd6dff30149b58ef320841a6e83fc,楓糖蛋塔,,,
b4b218b3872242c8a4657aebbf75f008,林檎林,https://www.facebook.com/FreelLve,,東方
92ac411f4142458d86d6e9affb253d3a,Kakureme 躲龜龜,,,
7d067c76a50b48fa84dae08c8ceab686,罐子牧場,https://www.plurk.com/HSNUCAN,https://www.plurk.com/p/3j0nebrt7t,原創
6a6e5867dd354421b18441e4977d3550,二色幽紫蝶,,,
eaa1eb442a924d4282377cec407f4cdb,鬍子的美人茗茶,,,
d4488a5eb34c4e6d8acf2f3d8aac4c3e,蛞蝓肉舍,,,
f3408a064ac84db1b081465284b762c0,電諾丘工訪,,,
6f55d52cc53e42809d910dccaeed3731,RongChuhan榮初涵,https://lit.link/en/LLGlailing,,VTuber
e552c7dec97e40e881e88f77710c15ad,嘎唄唄,https://lit.link/zh-tw/GaBaiLu,https://x.com/GaBaiLu/status/2085702855693074937,"VTuber,原創"
cee659a506024db786450fc13af5fe01,快樂濕大象,,,
e650ae36c0d44998aec5b364f0969c10,MAIDOLL,https://www.plurk.com/maidoll_fei,https://www.plurk.com/p/3j1lvnbo0r,"原創,我的朋友很少"
8f6eb8b3dafb4037a3b78a1018516a80,TwinBox,https://www.facebook.com/twinbox.tw,https://www.facebook.com/twinbox.tw/posts/pfbid032Zv9iDKL7HC9ayGiLv2HddPnWegFtGDDozEUbc5EDuUponz7biEuuUf7jPSPNRtrl,"原創,超時空輝耀姬"
63106d57007c470fa315d2b7c927b8b9,雙子亭,,,原創
ade2a49c03694331b2011d20319a12a1,しぐにゃん,,,"原創,蔚藍檔案,艦隊收藏"
24ac5d8a939e41d5b2386d0caa694411,宇宙波神山崎本社,https://www.plurk.com/topgoustking,,"原創,二創"
1cafc0b1a02246a2beb1ee1d05ae757f,Delayder,,,原創
867e2d9e7ee5419881a1e5fe131a8805,怪獸少女KaijuShoujo,https://www.facebook.com/sian.liu.756/,https://www.facebook.com/sian.liu.756/posts/pfbid02YU4WPFFnizicQ5HuFbP6DyC6Ydprd4aByZCtS7zXpCzyDnWx92QwwRgwBZqsUdLql,原創
51b20eb5b7f448bdaf438a692c4ab476,瓜茶ice社,https://www.facebook.com/wm.tea.2025,,"蔚藍檔案,魔法少女的魔女審判"
973773aa5ebd4afda3db8578e61d3ae9,緋い笑撃,https://x.com/KAZUEYAMAMOTO,https://x.com/KAZUEYAMAMOTO/status/2087508072420049371,光之美少女
f41c2c57788242398e21ec10c98eb772,メルヘンBOX,,,
1a5c6fda6de04d8d955d3a751504fcfe,Sweet Avenue,https://www.plurk.com/ninamorieri,https://www.plurk.com/p/3j1kiif696,原創
a836da90e1624d168af0b25723e68cc6,失去明天(あしたをなくす),https://lit.link/zh-tw/psy_soda,https://www.plurk.com/p/3j1mxvmpod,原創
3aaac48651d2406aadaa8a54d839e1e2,SAEU,https://www.plurk.com/ababhaha,https://www.plurk.com/p/3j17avz4bh,原創
a452ceb62df24d139df11bc9b5733c94,安全第一,,,艦隊收藏
ddff37409f0e49688e4f4fcfc10c4f81,Omelet Cream,https://www.facebook.com/xie.han.zhe.365627,https://www.facebook.com/xie.han.zhe.365627/posts/pfbid0bgGaT8jbatUApHjgU9HrKnx6vKwFeVFcEz3vfgyExx9nYrwmSBqBjQLkSVCYtCBrl,二創
0c660f9d9760441f9292c505fd8d6794,捕食少女,https://x.com/Karasu_Chan1204,https://www.facebook.com/permalink.php?story_fbid=pfbid02uaX1Ro7JB3RGR8y9EDkKXFfDL718XG2wvQMNU2J7grBRLeZBN8pvUonxuBrKsmUNl&id=61592453519484,原創
56b7d6c58a674556b92a8b290d602b12,吃餅進ジーン,https://lit.link/zh-tw/eatsomecookie,https://www.facebook.com/ding.jin.979214/posts/pfbid0LFjD2cRRdWzapqqy1ngT7TQy5mnNq9iyDT3ar5RYwcjcifYQnDMauyk6ZheaPE9Yl,"原創,敗北女角"
48efb500d5774787a57f9d58fb566b00,米豆綠Midori,https://x.com/Midori_fufu,https://x.com/Midori_fufu/status/2089993600935616894,
5a898d735b7c4e0090661536c41c6980,桃桃吃桃桃,https://www.facebook.com/mimi.yu.12177,https://www.facebook.com/mimi.yu.12177/posts/pfbid025g14WX1wsC1KzesjKY3gzkF7YMtTat57jpNqEaxhujJ8w7uMedCEAcvbv1VRh4LXl,"VTuber,絕區零,鏈鋸人"
38537cfb51364eef9fe7b1008acee951,希朵米_Hitomi,,,"原創,FFXIV"
5b7fd166c0d6473bb3543b8b3c636a8d,交通大學漫畫社,,,
f8e629f811ce4794877f58b279bbf704,阿熊是一隻熊,https://www.facebook.com/rrrrxiong,https://www.facebook.com/rrrrxiong/posts/pfbid02AUhxJCNzkAj8Jaoasp3P7C2pZheaPjeL33ZBQRYPMjkKpf1EBv3AeWRuKTKKMLUcl,原創
8d4991dd4ffa4046b921f7243bfe6973,Mo子宅屋,https://www.facebook.com/BLUE1OR2,https://www.facebook.com/BLUE1OR2/posts/pfbid02Mk74xheHGSK6zRwZVkC9b2MvwaLR5wZkRMcA4etEJznzxspJ29ff3KHgFwAa9mS9l,上伊那牡丹
0a3a7c0f71fe4834a1e605ec245437bb,saumoniere栗子鮭魚屋,,,
e25af776e0b34326be2c3cb2a18fa8d7,哈魯醬,https://linktr.ee/harucyannnn,,"原創,鏈鋸人"
c107908c7774455d8d9aaff8675f4c53,Runeiscute,https://www.facebook.com/Runeiscute,https://www.facebook.com/Runeiscute/posts/pfbid04F7E5ZgAGbab9EfGnmxgZ5cfuYTEcNAzjZxRA2jjeg8UGyXSY6XZo2J1T9coqJTdl,
2203e11a37a2454ebcc1ed63cdb3c568,DAi,https://x.com/DAiACGDESIGN,,原創
cb8c6c553c4d49db852b23a67d726e0b,Humidity,https://linktr.ee/maigoyaki,https://www.plurk.com/p/3j1ko9vkmh,原創
422c547fb5e44b7b94e86ceccc5796af,狐狸的伊盞登,https://www.doujin.com.tw/authors/info/eden871225,https://www.plurk.com/p/3j07ekwxkl,"原創,葬送的芙莉蓮,探險活寶,VTuber"
d7f59f93ac3945179261ec517331841c,超級米漿,https://linkby.tw/michill.1121,https://www.facebook.com/jiang.jiang.193870/posts/pfbid0w2wh2W6TJoTiYFHVZQCe41Yx62DLLw7N9jxgciFi8SHjMb7H2vFnFVjMrzbkE7tHl,原創
799dfc63097741a6832668f3b461bf55,坊橋夜泊,https://lit.link/en/jyoeshi,,原創
4b823295b8ac456c9a66ce423f6226fb,B.c.N.y.,http://www.bcnyart.com,https://www.plurk.com/p/3j1mp8poxh,"FGO,VTuber,鏈鋸人,鳴潮"
188717bec2624f2091768333dd86d443,GAKAKU,https://www.plurk.com/GAKAKU,,原創
51d643e38c754a0fbcd70c070385aca6,PIA横浜,,,
5feaf4a36c8a4fe08b10fbf84ad86982,沖島灯台,https://lit.link/zh-tw/okishimatomori,https://x.com/between0621/status/2089990637060018449,
4dfa96768d1640c5beab8589bc62c638,幻想布萊梅,http://gensoubremen.blog.fc2.com/,https://www.plurk.com/p/3j0skzl71c,東方
38e2b28ffdf8420f9f70b873f5588cf9,寒武紀化石,,,
501a3be6708042a993f5ae273f2db23c,薑黃貓工作室,https://www.facebook.com/beancat53,,原創
dd19868e85d14fd199fd26ca68e56f87,阿農Anon,https://portaly.cc/anon_114c,,原創
f9b86e829d3741f4a00518fffb347641,暖心咖啡廳,https://linktr.ee/roy45656,,
f009bd1207cf43feb848fa7db05f3a4b,ACGN創作權益推動協會,https://www.facebook.com/ACGNCRPA,https://www.facebook.com/ACGNCRPA/posts/pfbid02ohnzPay5VMuaKZeavfoXJHcd1m8D35mG1icDQkb49zKmPMXgjt4F3ttsR6bhGZcAl,原創
179bb70a07014a668b5010b203bc09fd,照燒貓teriyakicat,,,
e49feb5811784fb98720f1ff5d2ecd20,Blaze Wu,http://www.blazewu.com/,https://www.plurk.com/p/3j1s8x44hk,人機迷網
a11dc3fb46c94d66904a35a7431a02f2,夜貓館咖啡屋,https://www.facebook.com/yamyoukan/,https://www.plurk.com/p/3j1s8x44hk,人機迷網
10a5b3119e9c4a0f93021f0164a870ee,SCIFASAURUS(海穹文化),https://www.plurk.com/scifasaurus,https://www.plurk.com/p/3j1qa91do2,原創
5a3b4f825cef40b99aad3b385dd4e22b,Hsun Craft Studio,,https://www.plurk.com/p/3j1qz06241,"佐賀偶像是傳奇,蔚藍檔案"
3d2e70fdd10b4c4c982322a799c672ae,夜行動物館,https://www.plurk.com/oz730821,https://www.plurk.com/p/3j1h7nsmst,原創
ec41ffeb587e4487ba06f9dad8259b77,成為奪心魔之必要,,,
50be4e763f44421d9c9413f9571a96fa,天之火,https://www.facebook.com/nnnnoooo007/,https://www.facebook.com/nnnnoooo007/posts/pfbid02zjDg9Sacw3QWB8ne85qjgs8GcoTcXY7QR4FidpjKLZTE4kWRxVDBHiP6Z83ZUyygl,"原創,上伊那牡丹"
7b3028fef63f40969a23c8f8b2d21593,Krenz’s Artwork,https://www.facebook.com/KrenzArtwork,https://www.facebook.com/KrenzArtwork/posts/pfbid02YZC4mMtbKgLxZLMxYrysLhY2dnBfdAKXLorSg8qaZtsJHdXp4J82SWW1zBzJLfadl,原創
ace473189c4940959ff4c1d43f53b018,女孩日常,,,
06eb760bf8d146fe97f2fe9fd8107ea9,雪之饗,https://www.facebook.com/ekis2018,,VTuber
e9a0621212be4f719aef3b764df20051,米茲米茲,https://www.plurk.com/phoenix0,https://www.plurk.com/p/3j1sctca9f,VTuber
9319f07e7aaf43acb3efdf921d7bb783,芙子煉的藝想室X小黃瓜口味冰泡芙,https://linktr.ee/kyuuri.icepafu,https://www.facebook.com/kyuuri.icePafu/posts/pfbid0FotF6amjRoKVUrraQfyQ2B99AGufhmrk1XZ6tEZxwSBrJSPBnA8VLCtuDSG3GzXml,原創
58330095a5bd41d1ab446202f5f862f4,Birdink,https://www.instagram.com/birdink.koriyangart/,,原創
984891382e344616bba85d6ef230059a,超開星STARRR,,,
04c4dcf52a5d4bddb486f84dbe83c59c,秘密貓貓繪創作,https://www.facebook.com/MinMinCatCat/,,
f9a2066cbdcd4a66b8486f74e48acf02,新夭 Brainholesky,https://www.facebook.com/brainholesky,,原創
2158a7dc24784363891c35744c962b89,加零在電線桿下,https://potofu.me/jia0kelvin,https://www.plurk.com/p/3j1n0fd701,"原創,VTuber"
f60a84f3474a4d539903fba1603800a8,夜行飛船,https://lit.link/zh-tw/witlhgti,https://www.facebook.com/witlghti/posts/pfbid0JX9Ye8WVoGxrK8PbyQuSiU8RVsGoVoo2vMHXu9cXN7sxdHw5Y8Lzxrfn22KKRmg5l,"尼古喵喵,上伊那牡丹,原創"
021a579a234c423b9e4965051a0746bd,Frankiew Yip,,,
1e74649d52174ae7bf5268ea24914e88,英國酒狐,https://linktr.ee/YoukaiNatori,https://www.plurk.com/p/3iy3r7trf7,原創
8293e5fd51f24861900990536b3ec697,格里芬故事屋,https://www.facebook.com/profile.php?id=61559194003953,https://www.facebook.com/permalink.php?story_fbid=pfbid02gc4dx4TpakgT9NEEv9qjiNhwYu3fHjyjo1HSEuDfXyXDjN8wTSy6Q5qwrmVg3g6Sl&id=61559194003953,MyGO!!!!!/Ave Mujica
0826e5912d8547449a0565bbf90f6251,SQUARD FIVE,,,
29d26594206744dfa564b9d6f76ab59e,MiraKE,https://www.plurk.com/fatkewell,,原創
e7335e9911ac47cd8ca6283c590746b6,莊園女工休息室,https://www.facebook.com/mirakehk,https://www.facebook.com/mirakehk/posts/pfbid059kbp58jpURTeGPyCwits6zV3JPT9q67mWvZxpdv97YCmna347c5xPettkmYtuYVl,原創
8e5cb07adaa1401b8ef0984fd2268ba1,Shouki’s nest,,,
3e0cf9533eec4df38c2b9132079103db,Dark-yard.studio,,,
cc2833d3d6b047cc9d3d9bc9ab85b94d,犬狸貓手作,,,
b4182f1e9bfa4840aa9960858220c613,TwelveStudios,,,
80f72297229a41a0a8a80bdfa206ec9c,營養口糧兵工廠,,,
4bff10fb67f549499a8400a306409796,微塵事務所,https://www.instagram.com/chinku_mijinko_studio,,
c2c523c07ee94afdbc7b614937640e58,Ghost City,https://www.facebook.com/ghost.Sling/,,
fa77790bd3204e3d860db575afd2d5b5,one one collection,,,
bf8d5f728ede43e8b2e27a96b95fd623,觸電工作室,https://www.plurk.com/kanden_metalwork,https://www.plurk.com/p/3izu2d46qd,
3a65085e7b334ae7baf244f69c7df2d2,好點子,https://www.facebook.com/chenyurain,,
d7659fa713ed499a82d81cbc125cb831,柚柊工房,,,
ddfd191e8ecb4d1a9e65c80de83b4f43,KH MODEL STUDIO,,,
cfd14bf84d684275a59ee056133233dd,可奈肉蛋屋,https://www.facebook.com/profile.php?id=61575837256183,,寶可夢
dd68d07bffb74dd89d3b5206e1e72623,眾惡堂工坊,,,
3262c7d131a34463813d6eca736db209,角落工作室,https://www.facebook.com/yami.no.plan/,,
ebd437bb79174bcaa7e545d3e216a293,琉璃茉莉 原創設計,,,
19e069076a7f47ad92518220d33e826b,異私特,https://shopee.tw/eest_147,,
4612ee790174449d87cfa1b87fac0aa8,艾宅團,https://x.com/kabihandmaker,https://x.com/kabihandmaker/status/2089569346159063418,"鳴潮,絕區零,VTuber,Vocaloid,寶可夢"
19c4a8374c714dcdb70b9151cdf0877e,克特小舖,,,
1f97f515fa1343dc987c9ae2e7102d36,+喵耳園魔法道具屋+,,,
6d6aa5a30c8345a9be612284c1e4ed58,三分糖手作中,,,
6625c0058ea341dd80bc642635e7306e,光影之下,https://www.facebook.com/p/%E5%85%89%E5%BD%B1%E4%B9%8B%E4%B8%8B-100063716054247,,
9be67727034b4913998a40cb0bfe17af,瑪魯瑪魯手創,,,
51c407732c4c441498a83cf563e4b05f,愛做夢的人,https://www.facebook.com/Dream.Chaser.BY.VA,,原創
5e58ebf5814749999e5f5ca5846c9899,Cunomon庫糯夢,https://x.com/Cunomon,https://x.com/Cunomon/status/2086737042789290298,"VTuber,星穹鐵道,異環"
dd843aff0aa1475c908e0e757abeffe6,模型優創,,,
89ceb1a2be6541008a6b08871008434b,ブルーブルルー,,,
3574d141370a4aaa8d1b9c4adf7266c5,奶油玉米的呆毛,https://www.facebook.com/la.pu.la.si.de.dai.mao,,VTuber
24a114e187e84972b507e06806d3d362,FuwaFuwa軟趴趴,https://x.com/fuwafuwa_35,https://x.com/fuwafuwa_35/status/2087545275573538913,"VTuber,MyGO!!!!!/Ave Mujica"
4ae004b1aac94d8d8d3376df3b5f66aa,M片 m-pien,https://www.facebook.com/profile.php?id=61553618219617,https://www.facebook.com/permalink.php?story_fbid=pfbid02eJPpK7RapCPyhHkuEZ5qnzYDMpPVvpAkYYZRhkRDfYCmNM76aBjiP5iycNY3AVBfl&id=61553618219617,VTuber
5380bed25fd5412f907c3932940e6f58,RayP,,,VTuber
b05e9658c9df4ac0956d20c51b0c3358,M.O.K.茶包,https://www.plurk.com/ONITA,,VTuber
d48eb140443b47a9acd552807f21d898,全麥醬子,,,
13d97d59c164418d81c9cf77b7f4d574,少女廢墟茶會,,,
127719b4ddef490989b3102026d9519a,FC社,,,
d327ada3b4c347e981e5d01eefeabf64,恐龍園,,,
79bc2c0d8c1e4a1793993004611e1d1a,一個小路人,https://www.plurk.com/susan1980735,https://www.plurk.com/p/3j1m7uinmx,VTuber
5f363d9c62d3484584ac0bc198d42f2e,紙皮盒paper @BOX,https://www.facebook.com/hkpoorguy,,
096057ef302c4bc2b4d6fa1ce3b1d2c2,MO-BO,,,
263117593c56433b8d664b4bf20170b8,超頻者佑霖,,,VTuber
8f3fc8cc03ad481994e6ed74c570a788,丁丁烤魚魚,https://x.com/shiyasakana,https://x.com/Misamisatotomi/status/2088966337116946913,VTuber
a675c77859dc424da3c5bdc995a190f5,Fikushon 虛構社,,,
1a9ca90a0b61457f96c958e76106cbea,Experiment BitsByBits,https://www.plurk.com/jup7778,https://www.plurk.com/p/3j1i95xakl,葬送的芙莉蓮
9f5141ffa79740268d79e876d6cab3e3,來世想當水母,https://linktr.ee/spaded0314,,"VTuber,魔法少女的魔女審判"
513d7c05de31401f9ce2a19f0b9c15e9,迷你爆竹,https://www.facebook.com/mini.bakuchiku,https://www.facebook.com/mini.bakuchiku/posts/pfbid02Mm6a7EEGQpgEcUdm8cUagStQZ3pmcpbxHNzi2fWpFcX5pZVFLiz8Ec8Ycos5Z2L4l,VTuber
26a49bfa56ec4eb7bbec331b816c47fd,Good Chemistry,,,
e79fc94e3b3a463e861b49a7c8e47b99,mania8522191,https://linktr.ee/mania8522191,https://www.plurk.com/p/3j1d250axn,"VTuber,BanG Dream"
6bf52d04076a45a885c6a63c66510cbe,兔肉罐頭,https://lit.link/en/kanillust,https://x.com/kan_illust_/status/2088239988563640392,VTuber
565e7924eb9846be8da9a9cb2384c483,布來沒Bremen,https://x.com/bremen_today,https://x.com/bremen_today/status/2090035541219967141,VTuber
84befbfac7384dd0bed2f1c0bf835b11,Hua華兔,https://www.facebook.com/profile.php?id=100011900293458,,VTuber
faaa825e03c44534a87facdf3a78c0d7,島明,https://x.com/Nia_u_min,https://x.com/Nia_u_min/status/2087712064215359800,VTuber
3b8ecefc7c6241229b05a2cf75bcd4ae,RoyBoy羅蔔坑,https://www.facebook.com/RoyBoyillu,https://www.facebook.com/RoyBoyillu/posts/pfbid0bF9jqknXu1E9sAJRRUGAwjVTbVUigVTxEV37JNJPFXYGB9WZGf9fr83ZB4EMiRrBl,"星穹鐵道,原神,絕區零"
a0ed8e1e58bd40b28e72b9284b6ccbe0,ららりらら,,,VTuber
2df8de995d024153b9aab9fb6191ac58,SIDEREAL,,,
cd5974bcbe0644dd83f15232a712195a,南蠻工作室,https://x.com/holo_circle_,https://x.com/holo_circle_/status/2084384846647107933,VTuber
c6136087516b4622a948b44ee68e3f81,VIOLA已躺平,,,
e152bfa8ab9c4f619d06d99a915ca7ac,Magical Meow,,,
784974a05e0c47b5a1d0f3006063b166,赤月工作室_AKA Tsuki,https://www.plurk.com/Hayato_1220,https://www.plurk.com/p/3j1milb9i8,VTuber
31a2f27a3e444cd682c404e3cfbbbe67,Waifubait,,,VTuber
a6fe407638994c40a32d7fa47240376e,火星入侵,,,
7d3299201d894315bd35a5d7d1e522ef,岸間晴乃のイラストテンジ,https://linktr.ee/kishimaharuno,,VTuber
927eefd3bd1b409da3c112a6fd03f2b4,大波斯菊花園,https://www.doujin.com.tw/authors/info/cosmos24,,"原神,星穹鐵道,VTuber"
7dc49b0a5e9c45e8bcd70b97dca67a74,大概是…夭謬?,https://www.facebook.com/cosmosmumu,,
2e74d0e10fef4c60a6ed63c02a4410c5,左と右 – 左右子個人,https://www.plurk.com/HIDARI_MIGI,https://www.plurk.com/p/3j1mg6kvcg,"活俠傳,VTuber,原創"
52b405a8a55341a4b471f1be10855bc3,Yui喵喵喵喵,https://www.pixiv.net/users/55251258/illustrations?,,VTuber
89d612ab6c7147b7bc89b5ae3f0b05d3,阿不思1號,https://x.com/Nitsuki_Hare,https://x.com/Nitsuki_Hare/status/2088193470406234432|https://www.facebook.com/permalink.php?story_fbid=pfbid02xQnF3VDrRym3g7tzTQL6RxFQooSRERLG2L4pXQUTyHC1yr25E3GL5NLGH8dokzfBl&id=61577755570694,VTuber
b2cc58d77e8c46018b3a087952e61fba,in起FAFA,,,
7d7225c46d364fbc80a2644853bc6141,士雷,https://www.facebook.com/profile.php?id=100072024726705,https://www.facebook.com/permalink.php?story_fbid=pfbid0yZjEUehAUNNpWJBTpQHXzXdBfwpPhwpEfVVijw1TTCRMYjtpUWWKAQxzfJWNnNZHl&id=100072024726705,"蔚藍檔案,光之美少女,東方,魔物獵人"
6b00c9f1525f4b0f924e70dff6804cb1,富士繪社,https://www.facebook.com/profile.php?id=100069793502478,,"VTuber,原創"
330a82d0205e4c068015a49f5404a136,麒麟的快樂繪圖之家,,,
538d22e6f3bb4d5f9708bb81e49e63f6,DeityMark,https://lit.link/zh-tw/deitymark,https://x.com/deity_mark/status/2089717103016464757,"我的英雄學院,戀與深空,鬼滅之刃,守護甜心,Keroro軍曹,家庭教師HITMAN REBORN,尼古喵喵,明日方舟,VTuber,寶可夢"
04e9aceca87b4909a718c91447304872,阿嵐章魚繪圖手作舖,https://www.facebook.com/profile.php?id=61579645931365,https://www.facebook.com/permalink.php?story_fbid=pfbid033z9mXazXLAzvAKX1D11bS2swVvCwdQ9QPjMCqbEdNkyt6nCuyGSTyMtCWTezsLSkl&id=61579645931365,"VTuber,原神"
eeeb733152d84b668fc33d43dfb1ca95,LAW,https://www.plurk.com/laaaw444,https://www.plurk.com/p/3j1tf19swm,VTuber
25fa4e2a3fa34a1e8a1777f74eb2906d,明天的章魚也想當香腸,,,
31c7d991b5a3414bb2a52f7425b84c09,北科大ACGM研究社,,,
1548a28d0bbd41c6aa9b7530a57384f2,夜繪飯,,,
c7034e43e8ab4716a06dbeca07635194,KyoTo,,,BLACK★ROCK SHOOTER
16f65f078ae24fae85c76ce1df972a05,砂糖駅,,,
c4b265149a87422d8796b8073eb6ab20,快樂炸蝦,,,
5df9988699a6485e96d693e6e11efb64,梟心組,,,VTuber
c0fbda54b80145baa2f49e610ab622b1,SophieK極品菲宅,https://www.facebook.com/sophie9865,,"VTuber,原創"
a04e104fd2ca48b79ac8229f83685555,K楓悅,https://www.plurk.com/kisara9865,,VTuber
9c6a5e6e347e434db8e5ae97617d5b86,DiceBomb,https://www.plurk.com/fgimt123321,https://www.plurk.com/p/3j1wx7wyst,VTuber
80ec6184cf944d079c2e6788a8eaab62,椰子喵咖啡屋,https://www.plurk.com/hukai,https://www.plurk.com/p/3j1ww98kyb,"學園偶像大師,VTuber,光之美少女"
be14bc1dad0d4e579d0337e8a38253dc,Harurunoe,https://www.plurk.com/harurunoe,https://www.plurk.com/p/3j1v1de4dp,VTuber
c7745a3e41cd42928c5331a8f89c164c,AE,https://www.facebook.com/cben.ae.9,https://www.facebook.com/cben.ae.9/posts/pfbid02QCXKQSyJp6mZmCu1ZJkrCkdtQPPh4aeMGHbNXGV2SLeCWdBF45BxKyTVRhXMXiKKl,VTuber
cbfeb5b04c094785ae6a709dadef9c4a,Flaneur,,,
f5456e099c6247d8a89d958072c935ba,一心三惑,https://www.facebook.com/misconception2014,,
933fb1e3e1054f668f2cd1a62b37921e,然後她就lost掉了,https://www.facebook.com/profile.php?id=61579182357523,https://www.facebook.com/permalink.php?story_fbid=pfbid02t3CHc8NGbP6Mwgyk8n59t4mnquiNFeq3mR2eHN4SCeQcvZjLucWa1ubFAt9RQkmJl&id=61579182357523,VTuber
affa9732e616429299174cac51b35c19,黎查,https://x.com/JarvisLin1210,https://x.com/JarvisLin1210/status/2088866139732623808,VTuber
1f2e2e880bef445084d93807f97f983b,黑糖糕感謝祭,,,
95db2303fc854df0884a244607bf6920,猫犬屋,,,
aba764c6c90849a7a130341a31aad698,咪狗工作室,https://linktr.ee/mioillustration,https://www.plurk.com/p/3j1n136xnz,VTuber
36455e36621849e0a94383480c16b378,Aironia,,,
17aaee93a93649ed8551cfe24ee23f1c,富士浅間堂,,,
169b96b0ef814e399843b10d24e6ab07,IVY,https://x.com/IVYbyENST9,,VTuber
e63ec7a75aef4e959ada29d9324f2242,イレブンナイン,https://x.com/ENST9,,VTuber
faf15af5b5fa48959475bb370e3494ea,銀貂兔工作室,https://www.plurk.com/zhao190,https://www.plurk.com/p/3j1by9vjta,VTuber
d7ff3ca7260c47b7a95a26c79eb8d990,洛可洛斯特鬆餅屋,,,VTuber
af8a8e3cb1004ce4bfbebae57cc06a84,LMLive,,,VTuber
296f863f11b449e99f08131b525b421b,台日友好Vtuber企画,,,VTuber
c8bc18eae4c34eea9d5638d71ed67ebd,成長の カメ,https://x.com/K63417638,https://x.com/K63417638/status/2088081039029940519,VTuber
30345ee75cff4341a66104f2888ad8b2,樂弦小屋,https://www.facebook.com/LokYinHouse,https://www.facebook.com/LokYinHouse/posts/pfbid02ZL5ndBgUUXe9ZJDPdHYeLDoc4FFGuNBLeZv2xKsrmidDFQCVotiNAym3VANDZF9Tl,VTuber
d8116e1793a54f3d8c27bbb9286c8566,臺師大VLSI虛擬偶像研究社,https://x.com/ntnuvlsi,,VTuber
11e47e91247949cc948d640a6a9c8f25,川崎重工,,,
7bc23206a86c45a7a8e55edd0b523b80,LiliumCasablanca,https://x.com/Samidare_Haduki,https://x.com/Samidare_Haduki/status/2086448383796158586,"超時空輝耀姬,VTuber"
84c0ff3a220842d6a0542bf1e815d640,RiverBit川比特,https://x.com/WRr168BX,https://www.facebook.com/lai.wei.ting.141550/posts/pfbid0bS4xe99C28eFEDKzUeUzXEAuw8gMzsoAnoTBU6x4r1LRK56a1MLKSykkcrqXJ9Dal,VTuber
ca61e3edb61d4be68809f912c0f7ee26,雜魚市場,https://www.plurk.com/SalmonFormosa,https://www.plurk.com/p/3j1m2dlpns,
315e65bfb164447eb5377a984dfb7ce3,Millet@半米紀行,https://lit.link/zh-tw/millet,https://x.com/millet030/status/2088620697769922578,VTuber
99b36ecc6463413f9c2b752b2d418bba,臺灣大學虛擬藝人研究社,https://lit.link/zh-tw/ntuVTA,https://x.com/ntu_vta/status/2090035841901187518,VTuber
38c3d8169cd14e078aeab7b933f58b0c,太空垃圾,,,"Apex Legends,Almost Human,魔物獵人"
3a0583eaaa7549f089f6083c139fad34,Glassturz,https://www.plurk.com/KuraShng,https://www.plurk.com/p/3j1wv8062e,VTuber
5793af70bb6c4682a577f30fb3f4f589,ハチゴねこどーなつ,https://x.com/ayamy_garubinu,https://x.com/ayamy_garubinu/status/2090019548267417820,"VTuber,蔚藍檔案,Re:Zero"
c25d28992e944c49b53c6449276114ac,莫名其妙,https://www.facebook.com/mio.mio.647739,https://www.facebook.com/mio.mio.647739/posts/pfbid0CRJMxVHzcGjZvXyxoTc9Rd7XNwSxzgMy3AWhaXhwfs6sQEi9LobUXtcZuSg3FuCTl,VTuber
9fa40b273ee54b42bb10a78e12bc30ad,一虎虎虎,,,
a3dcd5f300eb46f89ff6618db8a18195,U00住院部,https://x.com/U00Vtuber,https://x.com/U00Vtuber/status/2087820068780720364,VTuber
ffe73b8c68b04600a5228b28f550e860,鳥語花箱,,,
04590313ff7e4b82909ab353c9655124,JING式柑仔店,https://x.com/jng46312495,https://x.com/jng46312495/status/2085364195135312207,VTuber
9d92107bf1454929880c884478d48cac,傅立葉秘密基地,https://x.com/KaERu96591619,,VTuber
8589bbcda0cb4eedb1756ba649279485,食Channel,https://x.com/fatals900104,,VTuber
6b8e935aa9b4415594a72a09837c7b5a,屬於尼的士議院,https://x.com/council_of_runi,https://x.com/council_of_runi/status/2086475887630070014,VTuber
bfd55a89a1ce47e1b4fde295ea78745d,全糖里斯,https://x.com/tobunchudoku,https://x.com/tobunchudoku/status/2089317047545348323,"VTuber,原神"
38a8cf2f625240b4a15ada7de2ea3aa6,KIMINA STUDIO,https://www.facebook.com/Akaikimina,https://www.facebook.com/Akaikimina/posts/pfbid02vs1SdxGhxC7aoVY3NsP7RryDZMxCnbsFVRGJVXy81toFonY6k78e911BMcpDSykBl,VTuber
212943ee8c954ff9a83745f4a0aeda25,HuHome,https://huhome.org/,https://www.facebook.com/XFateArtworks/posts/pfbid0JFxtx5V23CBzjKuAbeLMSChe3BrYSD4AAJfeL6ePJNxmfXhZv2Ss6wwLu7ix4b69l,鳴潮
f1993ac6a2d84701b9e3453941e825e1,銀河菓子店,https://lit.link/en/tooruruuu,https://www.plurk.com/p/3j0s44agtv,VTuber
e0754aa54c5a4cebb243b8baf85fa123,天台工作室,,,
a4c45f5aa39d4f3da23d3dc12c002ed3,JEN._.,https://www.facebook.com/JEN3ru.ore,https://www.facebook.com/JEN3ru.ore/posts/pfbid02KRZd8br3kXMszrmKKbBBkuCnjk8qn5hNAtTbCAtAg52osv54cdcmcTos3kFrnqp9l,VTuber
f7ae9cfc8b5349618a5273051fd0560b,梁柯夢,https://www.plurk.com/HE01022446,https://www.plurk.com/p/3j1t59zbbg,VTuber
a5838ac9d84146fcb3dbb77a8ef8155f,蜂巢起司,https://x.com/chilinn0620,https://x.com/chilinn0620/status/2087464256983990454,VTuber
f01d91d37f4f49cc87f1bf19631fc5d5,蜂蜜堅果,https://x.com/misu__030,https://x.com/misu__0300/status/2088936306357453125,VTuber
14d9cdf08a45408ea9cd0a050b149344,TSA studio,https://www.tsastudio.com,,VTuber
b7ed20fa5ed942468beef67d6235d459,貓祭NekoLive,,,VTuber
5b194c8087cb4b44a56e936644abaa10,桑好美盤,,,VTuber
1208942c82f74d3e8fc71bf69ee83cac,步羽羽魔法部,,,
3cf2ba19d09f430a871fc636230f4fc8,EN異界書坊,,,
c01714df5c4d446d849bb7b858908882,蔦屋,https://x.com/tsutadori,https://x.com/tsutadori/status/2080854110463721490,VTuber
8fceb9ce56d04d2eb91c40fa50fd8900,奉池 Fonchi,,,VTuber
776c1e4217bf42139a14f0cf8da3b66a,小雪Yukichan,https://lit.link/en/yukichan11025200,,VTuber
6e33639ec0ae438b8234ffbe37c79fb5,雨喵,https://lit.link/zh-tw/yumeow,https://x.com/yumeow0510/status/2087807487240216879,VTuber
97e32234da45431ebb479b4c7350f617,金華火腿,https://x.com/Hiruyoru1016,https://x.com/Hiruyoru1016/status/2086042911788163294,VTuber
31c6bfa28f5b4375b730bc5a5f806750,逐星工作室,https://x.com/Nayuki_Vivy,https://x.com/Nayuki_Vivy/status/2089916553018147229,VTuber
4514c1520e0b4f3c9f4db7333333a367,森林裡有熊窩,,,VTuber
7355693a8837406bb7b2468ef04c8fed,特異點,,,
30cf64c64fdf46c8bbb1a72bf03f685d,彩魚七海,,,
e88e564f95fc4a13841b85c1d81d6ea4,狐媚娘達亞•FoxDaya,,,VTuber
307b59a345e8429eaf2d54c3f7948081,捏捏捏祈,https://lit.link/zh-tw/fullmoonnegi,https://x.com/fullmoonnegi/status/2089354167597064462,VTuber
04d398a0347e4f8daeffccff3610aa25,眾水之音,https://x.com/musicstreamvt,https://x.com/musicstreamvt/status/2087771844309049609,VTuber
4f668c9566164667a79d275f1308875b,十塔星飛船總部,,,
898a477b195e4671aec3b6e950f5f49e,由庫里muA,https://x.com/kahaneyuri,https://x.com/kahaneyuri/status/2087840830321213905,VTuber
2ccf2b3f0f9a47a29d99aa7d0d6c4384,VerseLink,https://x.com/VerseLinkStudio,https://x.com/VerseLinkStudio/status/2085606871168090582,VTuber
2af55283387341fe84567c8778c543c3,AoiHinamori,https://lit.link/zh-tw/aoihinamori,https://x.com/AoiHinamori/status/2089897755695345875,VTuber
6c0d74198b8744e8a2ad8a7936b731ca,骨頭蹦,https://linktr.ee/boneboom,https://www.facebook.com/BoneYong/posts/pfbid0ssoaigiiM3w9TQc7LLZZo3ZUXh3ogjER5FtaQ8RJHb3sEsepQa2tyQ3EHhq8RfWHl,"蔚藍檔案,葬送的芙莉蓮,為美好的世界獻上祝福,VTuber,絕區零,原創,我推的孩子,孤獨搖滾"
49ff1f45d7c545b490b87a4f2f14a8a9,蘿莉楓糖漿,https://www.facebook.com/lolimaplesyrupowo,,蔚藍檔案
c10a9f38536a45ccba6dc2cc334d1756,じるふぁん,https://linktr.ee/jirusux,https://www.plurk.com/p/3j1mto8sum,蔚藍檔案
429f3f23e6c4463594d331bad476ebcd,畫圖怠惰症候群,https://www.plurk.com/Merufena,https://www.plurk.com/p/3j1s5v3ldv|https://www.plurk.com/p/3j1ms05hml,"蔚藍檔案,賽馬娘,FGO,艦隊收藏,格鬥天王"
82d8b2d88e454c39a3cc40ba1d092e13,鳥和え豆,,,
f3cdefc62ea94220ae3792a91d938d03,HEART-WORK,https://x.com/suzuhirahiro666,,
7e0ab653ed274ac4922d2f20cb487319,すこすここん部,,,
095f629893904f5fb98682f99d8258a0,羊亞科,https://www.facebook.com/lamb.ovis,,蔚藍檔案
62529af9007540bab9787448b3877ba5,鈴澤姛,https://www.facebook.com/tse.tung.lin.2025,https://www.facebook.com/permalink.php?story_fbid=pfbid041TaQQXqRPAuqeCUKA7Pt55oae4bFF2ig5nhfRnAr3WhgVXcfeAqzD8mjY5eKf4Pl&id=61590776175715,蔚藍檔案
afdbd7291ada40fa8409e8e535185ba6,nekoda,https://www.facebook.com/ivan624,,蔚藍檔案
fef967cdd7e14eb8abc6b1eeff61bbd6,弾KAIOU,,,
4bd6f3e5b35c46e3adc1b2dafe7e5292,快樂美乃滋,https://www.facebook.com/profile.php?id=100009021227792,,蔚藍檔案
07a2264a1c4e4a3586c20130487dd461,亞果工房,https://www.facebook.com/go.ao.52,https://www.plurk.com/p/3ixeqdbl5c,原創
13d3ef2cf5df439c83444aa911a38d0f,奶昔工房 Milkshake Work,https://www.plurk.com/qx3774,https://www.plurk.com/p/3j0n8b7dux,"蔚藍檔案,原創"
72bf831e7c554af0bb505b7be8d5cd91,Damier Cookie 妲米餅乾,https://www.facebook.com/Damier.Cookie,,"蔚藍檔案,MyGO!!!!!/Ave Mujica,光之美少女"
b897be8ce42343eca2795b3413387111,幼彩社,https://www.plurk.com/KINN_0639,https://www.plurk.com/p/3j1t25stkl,"蔚藍檔案,Re:Zero"
a0e54e2a0f39414d8e853721c6207a29,東泉重車,https://x.com/Sanky337,https://x.com/Sanky337/status/2087750129197445171,蔚藍檔案
71612822c37745c4b634ddd65fa41d8a,ZEN,https://lit.link/en/zenjuraku,,"原創,蔚藍檔案"
e4ddde6e152d48298747c35286761fdc,白夢亭,https://www.plurk.com/yhes70903,https://www.plurk.com/p/3j0mmt5xt8,蔚藍檔案
6cf473eefac049f788939554ea41d95c,ニオ不是二才,,,
a94ef30acce14383a667a598bf8edcdd,ISANAquarium,https://www.plurk.com/syh3iua83,https://www.plurk.com/p/3j0ryhau1k,蔚藍檔案
069e37dd930a46b4a87f2af7605fd71e,Soselの天真爛漫パラダイス,,,鳴潮
028dc964471c44959dec24d891eda888,赤泉重工,,,
b648f57043594bf2aac3caae6a1a7c2a,Arisu24,,,
83447bb4fc2b4a57b1c0393871083836,回回拉麺,,,
e2a9f1577ab240e4a2352116ea12d002,HoR,,,
3b2c3a88b35743bcb1aa638510a6bde3,魔法燒酒,https://www.plurk.com/yo_sumire_sola,https://www.plurk.com/p/3j085gh6z9,"蔚藍檔案,活俠傳,魔法少女的魔女審判,東方"
6c587b37f845480aacc6149a6988f797,米克的倉庫,https://www.plurk.com/MICKCOMIC,https://www.plurk.com/p/3j1imhzkgd,蔚藍檔案
4cad35ff7163449b9b2a60df51535bd1,O.N Art Works,https://www.plurk.com/mkcy200335,https://www.plurk.com/p/3j1wz2rr9u,"蔚藍檔案,妮姬,VTuber"
6d60eb9e75744ebfabded88dd87e15bb,TOHOORIN,,,蔚藍檔案
29fedeead30747f494f63981ec693b16,喵燐堂TOHOORIN,http://tohoorin.blogspot.tw/,,"鳴潮,蔚藍檔案,妮姬"
8760bb6aeffb459cb98843d9370e7903,御宅eden,https://lit.link/en/eden2014,https://www.plurk.com/p/3j0736282n,"妮姬,絕區零,蔚藍檔案,VTuber,鳴潮,明日方舟,星穹鐵道,棕色塵埃"
45560158739a4f12aae452dd03bbeb2e,Prodejavu,,,
d24908d78e184ad2980336902f847ba4,GS Virtual,https://x.com/gs_virtual,https://x.com/gs_virtual/status/2088965457948905972,"蔚藍檔案,VTuber"
6984ad7066ce4d1d84f58bc06fa5ee7c,蛞蝓.菠菜丼,https://www.facebook.com/SLUGTT666,,"戀上換裝娃娃,蔚藍檔案"
d7f16eade14a4f98b855c21bee57cc06,貓箱社,https://www.facebook.com/milkbox888,,蔚藍檔案
fab616bfe5434011acf3f202818eccfa,さかな公園,https://lit.link/en/ranyu222,https://www.facebook.com/Ranyu221/posts/pfbid0BsxeaCoUtGAAYt2tPwXqvRgdVxTHD4UYgPFjqaui6bciKj4ALUEqmjg8CQ4ojhqLl,蔚藍檔案
b66cd9a9243948ca8262136872d6d563,摸魚的形狀,,,
51c9d020f30149f7a742786b57c07157,Arrow Workshop,,,
9e5e7f287510420fa25a3659eff822df,Plumesyoukai,,,
7daeeebe29274994b6c008a5502be8bb,筑波的快樂輻射森林,https://www.facebook.com/li.an.zhu.338696,https://www.facebook.com/li.an.zhu.338696/posts/pfbid0PFUkTeNFdJgF3N5Zp1UithLE12w5ZzVEdrmLEtYMd6JQZieRfyJCd2ruDaHJNB9El|https://www.facebook.com/li.an.zhu.338696/posts/pfbid037pitZ6RR2XCyr36qqEigWAeUp1YeDzw4BAYNPVEFTm4oyF4n4fXMA3YsSkEMz9eql,"蔚藍檔案,Limbus Company,魔物獵人,戰鎚40000,原創"
5769ab86e60848a8a6fe5224e35e03dd,企鵝工坊,https://www.facebook.com/wu.qi.800318,,蔚藍檔案
e2164d6a179349748e5e2c8199ff38d1,娘娘,,,原神
efc80a2b1bb7413786def8f510914bfd,奈櫻工坊,https://anenin.weebly.com/2516325622212053005927231.html,https://www.plurk.com/p/3j1ic97azw,上伊那牡丹
7992581334f54b97874751285a440c60,蘿莉甜點工坊,,,
f85bf6c30fa34065a8c384949d666db2,Demahmw代碼,https://lit.link/zh-tw/demahmwmoon,https://www.plurk.com/p/3ix48ie9aw|https://www.plurk.com/p/3j1s10svkc|https://www.plurk.com/p/3j1sfe52u8,蔚藍檔案
740c86d7449e4c7f88f65d5ca308201d,33号部屋,https://lit.link/en/Mitsu0625,https://www.facebook.com/yu.yan.ting.974906/posts/pfbid02p4KnvTDcBSSjFjWjjAUgTFDH8uVCfpGX4j4Mfd9tBSi6gWQdAKUHfjHGU8Xv1ZPyl,蔚藍檔案
4720d321641c4c48b069036af557a68a,真龍第四帝國,https://www.plurk.com/hainohikaru,https://www.plurk.com/p/3j0it6m3io,蔚藍檔案
cda766aa912e476b9c92643f45769a5e,塗鴉時空間,https://x.com/kcnny,https://x.com/kcnny/status/2088656021590094221,蔚藍檔案
a44799ac24034765a1fff7f6ef08d73f,中央動畫社,https://www.plurk.com/NCUACG,https://www.plurk.com/p/3j1qc9qdoa,蔚藍檔案
789babe90a0c498db3986a5dc2bdc10f,Feshana,https://x.com/EddieHanTaiwan,https://x.com/EddieHanTaiwan/status/2089968220971401712,蔚藍檔案
715d6147b7a54fe48765635f6443deaa,U235核燃動力,,,
75493440d74945df8819e03346098963,野獸關東煮帝國(黑輪),,,
8a74e7e2471647dd97fc14e2ff0c2539,初夏百景,https://linktr.ee/natsuosla,https://www.plurk.com/p/3j1hpcfwtb,"蔚藍檔案,VTuber"
0eac80246fbe42d2989a8cf2a8af0909,六本木製作所,https://www.plurk.com/roppongimfg,https://www.plurk.com/p/3j1w882246,蔚藍檔案
d821a338ab0d4e9693e0a7d01672a8b7,菇菇の王樣,,,
a4e2ece1e1154bd187e6a6d7d0484c48,ＵＲＡＮ-ＦＡＣＴＯＲＹ,https://www.plurk.com/URAN1017,https://www.plurk.com/p/3j1rb6kd32,蔚藍檔案
5a979ae7fd6f48cbb19918ac8d1a02d9,おほしさま堂!,https://www.plurk.com/geko_ohoshisama,https://www.plurk.com/p/3j1vg6j75f,"魔法少女奈葉,蔚藍檔案"
56f8657fff62495babf411348bf5e49a,ＳＨＩＮＩＮＧ,https://www.plurk.com/shian_shining,https://www.plurk.com/p/3j1wr6lkoh,"光之美少女,原創"
6706da3873684252a37e31ab193b67d7,奇譚異書齋,https://www.plurk.com/innxuan0322,https://www.plurk.com/p/3j0nd0vp96,蔚藍檔案
3a39df1d0c974209a659c088a789b44a,星野ちゃん,,,
c4a033687f8f40d2a0ff7cd61e1cd990,部屋26C,,,
777017735cfa49129ef6eab73fac2543,比雕飛飛,,,蔚藍檔案
401deeb346004c7192c61c7512d789d8,少搬三箱 席恩C嘻完售雞精會,,,
2b25599f963c4d2ba04c74adc7f43ae4,隨意坊,https://www.plurk.com/fred04142,https://www.plurk.com/p/3j1woh7ctk,蔚藍檔案
1688adac79e94a47a80aa89bb0c2e517,TY楓,https://lit.link/zh-tw/typhoon,https://x.com/TyPhoon01010106/status/2087864032342704564,蔚藍檔案
82c136ec48594703bd3bc1e172c1ff9e,蛋白質会社,,,
402d9749310d4ee3b56f5e83d6c70689,馬賽克 Mosaics,https://x.com/ReonMosaics,https://www.facebook.com/jie.chng.1/posts/pfbid0qDP4JFsRfKNdWFhMepgHdHyaA9hyS3Q3AGApBGykJD7jE4CdTLfXbuiNceK4cPml,蔚藍檔案
f3ac24a49d8d4946b1caa8599f2d7e38,吹雪翻譯,,https://www.plurk.com/p/3j189ikttk,蔚藍檔案
def2efe28a9b435ab521e7ac842e69ad,C.U.Wa,https://www.plurk.com/inashikuwa,https://www.plurk.com/p/3j0i3n68cg,蔚藍檔案
2161e9eed6494d3c8a5a0614926551a1,噴射毛球,https://www.plurk.com/248651000,https://www.plurk.com/p/3j1wqd2aiz,蔚藍檔案
cf8cff6389214a1f90c1af3b0269b285,はんげつ_15,https://www.facebook.com/MilkYuzi,https://www.facebook.com/MilkYuzi/posts/pfbid0waWeBboqCjDFVk5GF7CyLG7htugLoiUXYYNSRgcCV3d9FMqXJpqpvKq1ZejZwBCul,蔚藍檔案
b9fbcfe566b247909e316434bf2e0d0d,Cilentz,https://linktr.ee/ciza_illust,https://www.facebook.com/permalink.php?story_fbid=pfbid0E8aHY8BjXvQULzUkEcqLwy6ocKhNUxpQV3hftfJ1xESRxyMhgSyQ9WSaPpHKMAWKl&id=100094436799360,蔚藍檔案
244a30f95fa249bdbf3461b2285f8790,塩辛猫屋,https://www.facebook.com/profile.php?id=61581576457038,,蔚藍檔案
420a4c6b0754429cabd1d2020a19a6bd,銀水杯 SilverCup,,,
3510bd9eee084507897d66a67d8c18da,Woo !sland,https://www.plurk.com/vanixkuraudo,https://www.plurk.com/p/3j10wtnlm7,蔚藍檔案
8bba4cd99443472d94e9e52f7cbedecd,日田天領水溝水(仮),,,
b43424be312945e3ab401df20d2fc1b5,白色房間,,https://www.plurk.com/p/3j1v6tartb,"原創,蔚藍檔案,物語系列,原神,艦隊收藏,VTuber"
a2c507295ebb4a5daf5073576cd93d96,凜凜魚懶懶的畫圖樂園,https://www.plurk.com/gril1209,https://www.plurk.com/p/3j0cxr7vt8|https://www.plurk.com/p/3j1sgnv3tj,蔚藍檔案
8f4ae03132934b2996a1bd696a3fc2e0,東泉重工,https://lit.link/zh-tw/fataaa,https://www.facebook.com/fataaahsu/posts/pfbid02KuJUvquhiYdckcVe3Ahd9YUuBEvHWbLmigUzTTo7YZqLYNi1ABhgaHvQeWWmpU4Fl,"蔚藍檔案,原創,學園偶像大師"
d9017d17d2d04f2f9c7d36e3c1fbd6c9,Aya/アヤ,https://lit.link/zh-tw/Aya0907,https://www.plurk.com/p/3j1v6hpt3d,"蔚藍檔案,原創"
8e98616614d84b62bf6627a69fba1cc2,JMao睫毛貓舍,https://lit.link/en/jmaomaomao,https://www.plurk.com/p/3j0rpvzu8m,蔚藍檔案
4fed2e66007c4bb6897bb1c738578395,Kakela*Hane,https://www.plurk.com/hane_anna,,"蔚藍檔案,孤獨搖滾,東方,VTuber"
f2483edcb61a48658153c33faf887898,丘比重工,https://x.com/QBHeavyindustry,https://x.com/QBHeavyindustry/status/2081224475102855626,"VTuber,蔚藍檔案"
c8abed03ef68463083ab45ab54b50f06,Devid Artworks,https://www.facebook.com/profile.php?id=61579390033294,https://www.facebook.com/permalink.php?story_fbid=pfbid0V3rC7Gni3UygWyLMxVw5bA7uw8fiEwzZmpxPwRysst7Cauiq3XSa85CyX1sVSpG2l&id=61579390033294,蔚藍檔案
21adb00d01bd42498c6baae4b38adaf9,隻雞麵包坊,,,
8ddc4406d7394b4a8338a5873da3bf99,Asa,,,
3146ca78c4554667a433aee29b4eb2fe,NEOGOD,,,
5dd417eecd8b42179fa6838495847c63,秋山Akiyama,https://www.facebook.com/aki.yama.73228,https://www.facebook.com/aki.yama.73228/posts/pfbid0JfLLZk5VC58zErKQZmsmRyFUM4oAAi7GcNL5Af9AFbsNSdkZy9K8oqDKSDdYzzG4l,蔚藍檔案
76365513c7a04110b512ce580bb2481c,蘑菇蟲(きのこむし),https://www.plurk.com/kinokomushi,https://www.plurk.com/p/3j189otk2w|https://www.plurk.com/p/3j1v6o5gva,"蔚藍檔案,光之美少女"
7fd073d826694753bbc2b2f6a0af6e08,宅即門,,,
9cbc90c93a254e098cd28c441a078c70,KS’ Works,https://www.facebook.com/KSworkss,,"蔚藍檔案,灼眼的夏娜"
48d9730d01d6437d93b5d3825302bc8c,迷你翠,,,
1d015ba0ea65409ab07f7d9928db4a06,Eagle鷹式本攝,,,
aa622dc04a754c3e8c9eb92f57203ec3,甘娜Ping,,,Cosplay
350d6b6a733f4b4799b51379faca5bac,NUNA 姊語,,,Cosplay
7587d7dc54dc42558a358feaec57d67d,紅葉 Momiko,,,Cosplay
49288ae71e554f60859d0b4ae8921a12,野人文庫,,,Cosplay
6030bbbaf1ae45729f7606f94fe97eba,錦燈Akari,,,Cosplay
f6fb5ed967d44e488da415690ba9b07c,deer62,,,
8b11e44709bf4726b775c1391320ed2e,赤瞳不是紅色眼睛,https://lit.link/zh-tw/akame1225,https://www.facebook.com/akame1225/posts/pfbid02DFnrVtyUFakUwxsqCaQ3qNeG52fhG3MGkigUAqZLA2J5k6X7yPP4CietvAo2z3TMl,"Cosplay,明日方舟"
aad446df0a4a4cdcb6e2e296656b2536,小羊/풍신 Kohitsuji_Pungsin,,,Cosplay
04ff83cd75ca4f8a9547966eea528421,安捏嘟賀 Dodo,,,Cosplay
7666fc3250d34e0eafe54ec2716a54fa,小艾,,,Cosplay
9ad9e9945fdd4e7c82e98903a5f97f06,Stityo悠,,,Cosplay
601871470a064afa8ee04723df8a9a2f,三喬主公,,,Cosplay
8aa6634867184a67a30671c37cac601a,紀奈奈 Hatori Sama,,,Cosplay
39fc6c9e50824692a140ee9e93eb707c,by0ru,,,Cosplay
2f05cb737d0e4bbd9665380d93ee41a5,HattieCosplay,https://x.com/hattie_cos,,Cosplay
050904d0516244b4b31e1592d062635a,筱望 SiuMong,,,Cosplay
9de9f7adfd39440bae26f2456f693b34,奶茶Mirukuti,,,Cosplay
da2c86786d7a4198b36b48c19a73a4a1,菇菇Kinoko,,,Cosplay
374ad8437e2e40549b543e4ccd5d5b50,天世コーポレーション,https://x.com/riha_amase,https://x.com/riha_amase/status/2089278437357981781,"Cosplay,VTuber,賽馬娘"
960cb2ccd71948a6b1abc624d52c71bd,にごろらぼ,https://x.com/tinmomiyan,https://x.com/tinmomiyan/status/2084232252440133957,"Cosplay,VTuber"
0d76800fece94a7899534bc7f5ec1695,黑川小牛的家,,,Cosplay
fe48e254cca8489d8ef025a22bc0d006,優 Yuki Cosplay,,,Cosplay
2bfa758500df4ce9aeba7d84a08ab802,小律 Ritsu,,,Cosplay
4e48fc082d324a76a8700ce4f918014a,火火KaKa,,,Cosplay
07e0ff4ce41b49629285e2c48e5f5c62,花梨Hanari,,,Cosplay
fef02ed2043b442087f82faf91b4ca52,藍幽Namyau,,,Cosplay
237a3b072da243b4977d6c11119e9afc,兔兔蟲cosplay,,,Cosplay
02f80d10e36f4d809fb98f1be3dac2e1,MIYANA咪呀,,,Cosplay
be9523e89a9e41f7a2b2875a39865313,沐木大魔王,,,Cosplay
18cdfabaaba846c4ae3c1ce494354a49,NekoMimi工作室,,,
a5ccc65c85854cfcb2b7acf4f607b2ed,米浮mifu,,,Cosplay
d370226f731f4df884e42d9c420467ba,Yuzuki柚姬,,,Cosplay
21f54972617c4dd3aa8e289d4c8fef3f,KinaKina,,,Cosplay
76b3340c4eee4ba9b3769b174f438620,愛莉Iri,,,Cosplay
f3cbe06146184ff1b05802c6263110c5,呱心惡魔,,,
74a612130a644851a8e879305f7cf34a,丁丁dingding,,,Cosplay
c5d773aeaff2462a97c08d1922c7a87a,Moling墨鈴,,,Cosplay
055ae0dbf35a418d95cde468a7735d70,Nori何苔苔,,,Cosplay
b818054e15c449989eaf92f7dfb79382,燼璃JinLi,,,
f3c66f712e2146e8b8f46d205793df1d,牛牛Niu,https://lit.link/en/milkybird,,Cosplay
5804aa0aca274dd38db8e0307d89a07e,喬莉Choely,,,Cosplay
26086ee890164c658f5fc52063f5f67a,角落人生_潔,,,Cosplay
24dec74faea649dbbb84e9f7ab5f97be,Hanaka@MiruMiu,,,Cosplay
e5f6671e62a247d683ec7603da90ace2,麵Mian,https://x.com/misakamian,,Cosplay
ee4e5bdf7a0a4e60bc79962d72465992,Dane studio,,,
2137bc6087114fd2bf981a3d968813af,七七小姐_Miss Seven,,,
40852432a7114fc987609ac69df9d5cf,樹懶多多,,,Cosplay
5c1b49f7be144d368cfd433bb4622c9b,紫玥桃sakuramomo,https://linktr.ee/skauramomo,,Cosplay
2832af9b3d8944579353bd70d9e337a9,♡可凡kofan0331,,,Cosplay
4da82ddba7e24d2197eebcf981857c06,チワワプラネットの大統領,,,Cosplay
25e0ef68ed6e4ac9920129d4e4d5a556,四巫日Momihi cos,,,Cosplay
7de9270910ec4d6f8b675b152781024b,小馬麗’Mary,,,Cosplay
9a552f0300e74662a8f304499634e82e,李龜Leeki,,,Cosplay
1788a4d5f1f649a4a72d8e38ae29bf47,つくねわーるど【DREAM.Project】,,,Cosplay
9fddc7875b0b4baca85743984c885ca3,シスルGenesith,,,Cosplay
893f3756b7734c5db29356379695980e,えい梨Eilias,,,Cosplay
8e68c2d743494aa2b80af375abb82a80,ふつれ.com,,,Cosplay
ced495f366bd450db2d87f18bbabdb2c,猫耳メイド屋,,,Cosplay
d958e3d757e84bf187a76f857281eaa7,Rabbit hutch,,,Cosplay
5ee4ca01d5504160a3e532dd1588805e,秘密基地,,,Cosplay
56813b3d26b8478e8593aceb98356b09,JILI,,,Cosplay
1e3c69d1dffb498594de2b035668ee7e,ねこのあくびとあさのいろ,,,Cosplay
1a066a506bf345f5aaaea7be82fe0aa3,ぅゅちゃん寝る,,,Cosplay
0e97e410edc3412a8ae6cb7ad69edec5,Ellyfam,,,"Cosplay,蔚藍檔案"
a69aae0fbe4c4a95b3d145e2eee8004c,乃木乃木出版,,,Cosplay
a7743988c0d1481da04b94ad4e4c962a,咖啡 cosplay,https://www.facebook.com/lovecoffeecosplay,,Cosplay
c6f310969b204b889ab715472a009a8f,培培帝國,,,Cosplay
2af52e89c4bc44c78cf5f75d97e91e54,就是諾亞亞Noyaya,https://www.twitch.tv/noyayaya520,,Cosplay
b1189134ca3e4415aa34b6186b88ac60,ネトーチカ,,,Cosplay
a09f0583b7af47efaaaadcfa562611a1,PEACHMILKY,,,Cosplay
70407236e26343f09b04d60f298e5b63,Annie Meow凜花花,,,Cosplay
a44a8943f8a54c208faa300e02c89767,空姊姊的異想世界,,,Cosplay
ee2772c0f7ee4baab105987dcd4e4c52,麥茶工作坊,,https://x.com/kri_cos/status/2089686243470930339,"Cosplay,刀劍神域"
0648fe494e204195a23fdc5a8d5c8cb1,肉まん研究会,,,Cosplay
9a47381aa57b43e6b1af302d5bdfa8c3,每日健康每日希,,,Cosplay
f5b99040805749828db2a5e822d41ac9,菈小菈本人,,,Cosplay
768bfbae849c47e59969934f2c586503,甯甯的漂亮拖鞋和襪子,,,Cosplay
6611f6a9824f4eae8b4fdbedf0229cb9,亞紗 Asa,,,Cosplay
ead16015cdb349b69ce480e120a89686,Yume 小夢,,,Cosplay
2f7fe868d34c48288600ef57e0d8b897,小喵喵不講舞德,,,Cosplay
1a0aaa14ee1343dbb6f51262c4e9d36e,塔可喵喵教 TakoNeko,,,Cosplay
6058b13385bd4e04afc79b20d6436114,Ruru茹茹,,,Cosplay
ef854934bba744a6963310f19c8bc62a,熾鹿です,,,Cosplay
a5b672c8645c469c8ef1ff2364a48db2,林檎有駕照,,,
45f893f9332a4209885f0409301654ce,小漾樣x樣樣子,,,Cosplay
a0983c747eb645b6a8ed6fdc41914699,Vivi林芝衣,,,Cosplay
b54c3bfae5d240779297b84c436f2504,芙米是一隻小米蟲,,,Cosplay
6df7b4e22c344dc8904d688e23448a83,哥布林部落,,,Cosplay
f6fe6d39826f4ec19833b297e461dbe4,豬排今天想吃豬排飯,,,
fccfbbdf4cbf4f2d843a6b1792e5a655,豬視會攝Studio,,,
27594a78068540e9ae16fcf41a591cdf,雙糖＊糖霜,,,Cosplay
40dee8ce2acc433cb2f64ed1e7c06aad,狐川_kitsunekawa,,,Cosplay
d4da529a1403499db157b8232c98830d,みゆき·Miyuki,https://www.facebook.com/MiyukiTW,https://www.facebook.com/MiyukiTW/posts/pfbid0GMzVeAfUNRtaCfv8HKymzBopE7bLuYgTiD1Zva9ZBq87HvvQynuEvdCaVTniYaCMl,"Cosplay,VTuber"
401d54981e2d4418a3cf0ac5592dcb5e,Shey雪依,,,Cosplay
b5cdb162a56a481aad2eba1c8987229f,小熊貓工作室,,,
07b23545d75c4e89bfc129d28ed15d9a,容子,https://linktr.ee/zonezicos,https://x.com/yuazzing/status/2089899781024051553,"Cosplay,原創,絕區零"
93c5d905dfaf47a58de4824736ad4209,Meikoです,,,Cosplay
f63451fa46d24e0fa7d43f18bc1ed99b,Tsuru鶴葵,,,Cosplay
ab910266bb344a93979c71bea91a296c,米米扣Mimiko,,,Cosplay
441df08f19a54211979cbe8882a94c21,肉排Niku cos,,,Cosplay
370d27d56fda4357b2dd5bb09148871f,LiNi Cosplay,,,Cosplay
26b26123975f4c39be740572b1761f37,ㄚ田です(´ . .̫ . `),,,Cosplay
1746946bbb55449785bbde312264eba0,腿氏企業,,,Cosplay
3370a4caf5834bc995e699d897dc6c1a,好了啦！拜寧特大號,https://lit.link/en/tueicosplay,https://x.com/tueicosplay/status/2089993151599788035,"Cosplay,絕區零"
892b37429db64b21a29ff9d36343ba88,傑糯米工作室,,,
7c3a923433e64db8a024339bedd4ea4d,Tiffany小豬舍,https://linktr.ee/t.tiffany.y,,Cosplay
206e0b0d856a4711a528163499db6117,泥泥汝,,,Cosplay
93796ba706654ed59f16212f4a64f92b,鮭魚要吃生的,,,Cosplay
47ab9e4bb98c41fdbeb2722a537206e1,小朵time,,,Cosplay
73871d43e7c14b48b994d628ff646366,KUMAx石見三也,,,
886f03ad428f46cbb0565738c714a681,星喵Aastaneko,,,Cosplay
68449ecc1d2644b5857edceb272ae814,我4亞羅,,,Cosplay
96dcc1018c5446578b572c1509e53748,阿提Mzcca,https://linktr.ee/mzcca0.16,,"鏈鋸人,原創"
19ed6d1929264db680650b6aaf76e685,K.Y.HIRO,,,
06421e6b98ca4c66afba0e31967e8674,大阪風男,https://www.facebook.com/oosaka.kazao,https://www.facebook.com/oosaka.kazao/posts/pfbid021np6LnxAmPXJWGvPF46frzskoyxZSC2tunM1M3To2s8MJRuTAS7AVxgmKpZNqNqsl,鏈鋸人
2a0a9f302c9947da8b97a43835b10d08,星之色,https://www.facebook.com/profile.php?id=100094048361959,,
bb1e45fbabab4f7d8bf103a5698bfb4e,Oruka的墨水浴缸,,,
3a2f42c04e4b4932879e10e4442f0a45,鴨子塗鴉,https://www.facebook.com/MrFBA2,,"前橋魔女,MyGO!!!!!/Ave Mujica,魔法少女的魔女審判"
06f2f12ad8e541bfb85b503a3ae31f92,獸耳邏輯,https://www.facebook.com/profile.php?id=61557123263334,,MyGO!!!!!/Ave Mujica
ed91a795466340168315448095126f0f,要不要升級成大滷麵,,,
bbdce77a1e014a038873c696f6397e29,HAGI_art,https://www.facebook.com/profile.php?id=61550049819898,https://www.facebook.com/permalink.php?story_fbid=pfbid02CxkzZsGjfAxRKJFM7cPVu5PC9TVzoyki9c7HaUpK5N8b7Y2SYfZ1vMnLMgotNZnUl&id=61550049819898,MyGO!!!!!/Ave Mujica
e17a39da25684d62aee0a09507b84655,永繪工坊,,,
8c8b735d13d249c2a5b66bd8d3bb1f2d,規尬的書店,,,
4f3ed6bcdd184554a21c697736d7aa25,夜觸人身,https://lit.link/zh-tw/rinkopoi,https://www.plurk.com/p/3j1sjno3vm,MyGO!!!!!/Ave Mujica
59116787766c4a7f8554b7e4d5aab6ff,青雨アメ,https://portaly.cc/ame_aou,,超時空輝耀姬
604adc73d5a24c22b513b9518fe2961a,龍龍的畫畫倉庫,https://x.com/Drasdr7513,https://www.facebook.com/long.long.726653/posts/pfbid02cXX4afk5yD9uFCuV7JJ2s2mZdEiwDwJ5R1CiferXAisXN2Ffw7wHUKDUnVn1RsP6l,MyGO!!!!!/Ave Mujica
34de6d125a1a4cf29fcb76bab6046a0e,日初翱祥-陌千,https://www.plurk.com/mochian0819,https://www.plurk.com/p/3j1va37udn,"MyGO!!!!!/Ave Mujica,超時空輝耀姬"
45e94839676e4a058e2cac8eb6531531,新竹高中嶺風動畫,https://www.facebook.com/profile.php?id=100064487124991,https://www.facebook.com/permalink.php?story_fbid=pfbid02b5kzKaFxJoDWgAgW2UhRXXUMrZP27JdSbf94W45u1gpX54NWdE3TyYuLxUUC6Tmtl&id=100064487124991,
b5f3934a917140bb8263852605625be1,壞孤兒,https://www.facebook.com/na.zhi.lu,https://www.facebook.com/na.zhi.lu/posts/pfbid09HaeVn1XQ1S8dCRQVJj8MRcSXpimBmJtAgG9m98mbCov9PTC7ByTLQzi6AVCV1A3l,"魔法少女的魔女審判,MyGO!!!!!/Ave Mujica,Girls Band Cry"
608c53584ff743dcbc66cfe7958fd485,春日影研究所,https://x.com/Lyytoaoitori,https://x.com/Lyytoaoitori/status/2089951247700840796,MyGO!!!!!/Ave Mujica
9a2014d010f949c089e3523838b23489,Rabbit Candy,,,
d354e14ff11b4ed28618201239282887,MARINE IRIS,,,
b57605e0c8d6445899311248a1369aa4,bbibinbing,https://www.plurk.com/bbibinbing,https://www.plurk.com/p/3j1n2z6qm3,"上伊那牡丹,光之美少女,VTuber,Vocaloid,MyGO!!!!!/Ave Mujica,葬送的芙莉蓮,蔚藍檔案"
09a2a9bc841c4eb6a673f1c6440f084f,田中水草,https://x.com/almn_sk,https://x.com/almn_sk/status/2089649594808635896,Vocaloid
a9559711ab9f4ea7af2aa91a94a78f34,風船貓插畫神社,https://www.plurk.com/nazo001,,"Vocaloid,蔚藍檔案"
24e63955aeaf4f3691c927b6e8c98e26,AJ4N3,https://x.com/aj4n3_a4 ,,"Girls Band Cry,MyGO!!!!!/Ave Mujica,蔚藍檔案,原創,音樂"
e65140dbd36947eba601adfb589d14e2,小白熊,https://www.facebook.com/whitericebear,https://www.plurk.com/p/3izsxgauah,Vocaloid
2269a473c36e45dd95d14acb09ae4826,月亮代表我的心,https://www.facebook.com/wang.yong.xiang.355554,,
27d6b1c3147145359dcabb967c572da8,你也是舞台少女？,https://www.plurk.com/Irene309,https://www.plurk.com/p/3j1wkq9nhl,"原創,超時空輝耀姬,MyGO!!!!!/Ave Mujica"
2f0002d961474e7496213ffe6fa1d056,星夢亭,https://www.plurk.com/staryume,,"敗北女角,遊戲王"
d1abc0d9abe5429aac9f5d65fdd9f35d,J9文創鋪,,,
3da4bbe9394c4ea5831a94b1c1dbb1e5,稚稚丸,https://www.plurk.com/ChiChiMaru,https://www.plurk.com/p/3j1qnqmnxq,"火影忍者,棕色塵埃,原神,膽大黨,ONE PIECE,Fate"
01031e5322944431b8c1a506f9ba2db2,下空少女,https://www.facebook.com/yu.cheng.9843499,,
4e5f1b14fdbf432fb441b8edf4f213b7,ISWUWUWU,https://portaly.cc/Alina,,
0a373a45d5844aff9194f703d24e96c0,小菊小花園,https://www.facebook.com/hua.xiao.hua.859628,https://www.facebook.com/hua.xiao.hua.859628/posts/pfbid0a9Uw6qR2VvgdAdyd9rjDCzwjynw9Lt78RPSqJzHhcJW5GGLGwi1NujGiGUAeo9pNl,"超時空輝耀姬,孤獨搖滾"
724be7b9cdcd449d9d64e729ab46665e,烏烏烏大維,https://www.facebook.com/kuan.wei.lin.372350,,孤獨搖滾
9756b54429634bbdb8b3a5fae2cd9ee4,芋粿子,https://www.plurk.com/BECK4,https://www.plurk.com/p/3j1cx27xtx,"蔚藍檔案,戀上換裝娃娃"
9d680b6fcd064825b0ce8ed9c153b513,六太日日人,https://www.instagram.com/6days.hk,,
44501bffae414974a089a05373d7ba4c,瓜子工坊,https://www.plurk.com/ray951209,https://www.plurk.com/p/3j1pirhueb,"琉璃的寶石,鏈鋸人"
683c7e81db97407897295245e295e76d,Turbo Wing,https://www.plurk.com/edwardapcychu,https://www.plurk.com/p/3j1vijp9x0,"格鬥天王,FF7,ONE PIECE"
7fbbf9bfbdf848278e32549f301f992f,春ばる繪屋,,,
4ea0b418cebb48649cdea8054b48ff5d,緋紅工房,https://www.facebook.com/k1380426,https://www.plurk.com/p/3j1urm4ba5,"吹響吧！上低音號,VTuber"
43609175402b4b0f8bb03bf972345602,黑桐heton,,,
bdc03b90d8f14dd996d904f0162c629a,陪騎的快樂小舖,,,
bf2e37d971944db183ece244eef2ecb6,DAMAO閑駒樓,,,
9f06bfdad98747a8a14e6b34f2605588,晴時陰偶陣雨工作室,,,
e8edb2085d49435e9aafdd4d7f5ef8c8,風雨陰晴故事販賣鋪,,,
dd23b651b0e849d599088ae5a14851f3,MiruMiu,https://x.com/miru_miu2024,,
ceec8853a0a34b38aa872b9c957209e3,KAZUYA,,,
ba83b2c7d01f48828a744451715f0e1e,花屋創意(花屋la fleur),,,
9339a13971e542599266fc788225ecad,心動美栗,https://www.plurk.com/enteridec,https://www.plurk.com/p/3j1ncaxapy,"葬送的芙莉蓮,原創,戀上換裝娃娃"
03c2eb41795044b385b4612e233eeb01,快樂罌粟花自耕農會,https://www.threads.com/@trapa_studio,,
ce4e8f31d6584bb5b571990a406aee61,T.K.C,https://www.facebook.com/TKCArtwork,https://www.facebook.com/TKCArtwork/posts/pfbid0Eyq9nwQhGM9qg7B1CKtrrcmn1qAnZVnyAukYPU3HFFugL3rhxpqmEEMmNMiPkffVl,葬送的芙莉蓮
0c0e0851744f4ac5960314e0eda16a99,菟吉珍珠販售店,https://www.facebook.com/profile.php?id=100009248503510,https://www.facebook.com/permalink.php?story_fbid=pfbid02fJGiHQgEJ5pdpiNZcaGpsBCuJG62kecFKXCNhMXDZXnBtarbBz8X2tTe2Qm7u4SVl&id=100009248503510,"鏈鋸人,葬送的芙莉蓮,原創"
3a7c834e497a4f7aa41fc054cc11cf26,壞菇社,https://www.plurk.com/fg3517,,五等分的新娘
56fbb22f821b4a69bec8d098e91474ea,HAONI,https://x.com/ga673899,https://www.plurk.com/p/3j1ws64tep,食戟之靈
eb03632615c54b4ea951668c48cafb8c,銅雀台,,,
149ea0173e1c4d10a6f9602b63e91d9c,Beebeebunny,https://linktr.ee/beebee.1120,https://www.plurk.com/p/3j0sn4posd|https://x.com/232323jerry/status/2089338539335184879,"庫洛魔法使,TSUBASA翼,Chobits,FGO"
a7e09ed9e81d4ec8a0217ca7a19e89fe,NAK,https://x.com/NakatokungV2,https://x.com/NakatokungV2/status/2089306250626396537,"無職轉生,明日方舟,蔚藍檔案"
e5f8e289ce474cc9a93a0e2c53e6dd46,chested,https://www.plurk.com/ardnades,https://www.plurk.com/p/3j1n9ghgei,無職轉生
93a6b31b103243ed85489671f454c3ed,花絵の万貨-AORI個人勢,,,
240ff9258d5148da8d9999cc55dd6dc7,北極雪兔窩,,,
5cfab44124bc42d4a9e1c63cb61a0973,風鈴檔案W.C.A,,,
0ab678c327c44b0a96acd1e3f25c2a5e,深海商舖,,,
4fd3dbb4ba494d21a4222e9badb2ef18,CY Future,,,
f6494a6659864384a6f20a494e687dc3,踏雪嗚哇,,,
291ee9b3867345a18220ee0d4c18de53,Gmi,,,
264f27d515c845208c4feb7153d2c563,SamoAgo,https://www.facebook.com/profile.php?id=61587067107042,https://www.facebook.com/permalink.php?story_fbid=pfbid02GFYeHHKJeGL1jk1T3thN5hgUE8178YpdprMoaT2KiUfNBAqsbG8oF3nMgsxK8rYWl&id=61587067107042,VTuber
b7b8edea45dc4f598b227e8b611e8f3f,比鄰星域ProximaSector,https://lit.link/en/proximasector,https://x.com/ProximaSector/status/2088193257486610565,VTuber
dc8d2a7aa97340f18146e5ae9678daac,XIxeong,https://x.com/xi_xeong,,妮姬
75a73c8eb6a04313aa55ef66d2edf1e3,K_Pring,,,
9745def8c5fb4b78add15928da120876,BIYA,,,Cosplay
9599e5f0877f45a69f9e0b4a41d4104d,DISH,,,
c8aa6a54870d4ae08e55dfb6386281ca,REI’s ROOM,https://www.plurk.com/reisroom,https://www.plurk.com/p/3j1spcg8bo,學園偶像大師
aeb55d75eb0f44f292e33cdc90bfc1b6,鈴屋,,,"學園偶像大師,蔚藍檔案"
947daac471824ec88566127620a5b61a,coneco.Y. (洋食小貓),,,
b4f2fde09caa47078ce418833193edde,超斬開,https://www.plurk.com/toku0408,,原創
7c883e949e99447f9a37613ef0d9a91b,消波ブロック社,https://www.facebook.com/Tetrapodsha,https://www.facebook.com/Tetrapodsha/posts/pfbid06y8pS4R9TdECzAuUHF9ipvWepLb3aWysF67yawPif21kpnE89rV449dteuaHFqyHl,"明日方舟,VTuber"
6b344217e2b24c3293963b63c2217948,Bygin-白巾,https://lit.link/en/bygin,https://www.plurk.com/p/3j1sjs2m7m,葬送的芙莉蓮
1734fc9dbb2c4250898a6400c2078148,儒宅 Ruzhai,https://lit.link/en/Ruzhai,,鳴潮
6fb077b2ed6c4a75b229036cb45224a9,佐川千尋,,,Cosplay
ec009eb12db3447cb831e4f58e5a0a8c,地獄熱炒店,,,
7e018659d6844883b26f11c7bc1e1bf5,醉宮Yomiya,https://www.facebook.com/yomiya.cos,,Cosplay
b42171d6b22348fc894538f754fd68d3,狐狐君,,,Cosplay
3e96c9a9993647da89bfa2d3dd79ff56,百變恩恩,,,Cosplay
d7182c75e08449d0a6718ee77180d490,Neko2AirLine,https://www.facebook.com/nyarumaa,https://www.facebook.com/nyarumaa/posts/pfbid02R31aCFsjoqxjWMUciEeyzMvfTPV7A9Nnv2pU87yAWPSaaisGRUDeu5odDiNbU13sl,"Cosplay,妮姬"
b1869ab0eb08463da746f82339b9a5a8,背骨貓屋,https://www.facebook.com/singhe.hong,https://www.facebook.com/singhe.hong/posts/pfbid02aP8NhMpasxrFReN5GvrgnfMxxMfog68h6vNT74YdNdJwYWxn7YLsKdRjGPvbB3qKl,原創
5c42ff1e99d74b5e9869de375c1036ff,星花火,https://www.instagram.com/chatora118/,https://www.plurk.com/p/3j12aeudst,"MyGO!!!!!/Ave Mujica,Girls Band Cry"
c3eaebc157674eada339f6669e758175,風林火山 Naturefour,https://www.facebook.com/naturefour,https://www.facebook.com/naturefour/posts/pfbid02s1gEHNxQ9p2Jha47USxb5eDeYEjZfAumZDCMdSi4FdzJNChBsGKQRGjat4subdR7l,"點兔,蔚藍檔案,星穹鐵道,光之美少女,我推的孩子"
b5dbe2fca01c4f47838879aea8bf41ea,SAKI-LAND,,,
286168d3bc5340d8bec45a72b74bd0cf,Catity cosplay,https://www.facebook.com/catachi77,,Cosplay
71ca47ef6f0d42a6914b5299897d5d0b,雨波HaneAme,,,Cosplay
f34f5f2f07724380bd74df3610ff98e2,箱庭交響曲,https://www.facebook.com/hknwsymphony,,星穹鐵道
c06519c545e147a1b7989caea2a0d69e,curry and rice(咖哩飯),https://x.com/curry_and_rice4,,VTuber
2e11c6ba0dc54c45ac88aff82a30d44d,Haku Works,https://x.com/real_haku89,,鳴潮
5fe2d5a74c5544b18f15e226fe072bcd,Atelier Kingyo(金魚工房),https://www.facebook.com/profile.php?id=100011248425460,https://www.plurk.com/p/3j0wgvjxpj,"星穹鐵道,鳴潮"
da80b083b6be4ebe912da5e84cecbd95,CIAN YO,,,妮姬
344b322a530a43f8930cfc5f7cff2789,粉色蒂國,https://x.com/PinkuEmpire,https://x.com/PinkuEmpire/status/2088565798877249899,"妮姬,鳴潮"
55327d92455945caa02496cc9ad42c67,漂泊社,https://x.com/ZingHui1,https://x.com/ZingHui1/status/2088144892086382595,鳴潮
b935f0447b3a4f9086e90478b5874078,阿熊人原木,https://lit.link/en/jh80213,,VTuber
adee835e80fc426296c2b48c5f656919,黑木耳大盤商,https://lit.link/zh-tw/Sagi0116,https://www.facebook.com/zuo.mu.604593/posts/pfbid02iYfaamq5AdF51BVW75815UNW5Ri3eirYyHwn38MgfyYphXZWtgCnZiaXtJ6vco1kl,鳴潮
54fd694a4b324068a92a6eb0af4999a5,不要那麼吉,https://www.facebook.com/gigidouble0323,https://www.facebook.com/gigidouble0323/posts/pfbid02AdmnoxahACNFw4Qsiu7VXapWsy1uUdSoESvpfyhCncMuXki8YD9KQekaz5TfaQZCl,鳴潮
e5a550f58552436c9c3293909036810a,森間亭,https://lit.link/zh-tw/morimahinata,https://www.facebook.com/morimahinata/posts/pfbid027wG4TYJEG47zhyAGfti2TPnkuuYtkZjfsWmJAFQ8xFBHjmqevxQHo66A9rtVst1Xl,鳴潮
bc2281e525834609b3c59a84f8239661,米恩坊,https://www.facebook.com/en.mi.7771,,鳴潮
1cac2fe287bc486f9dd5d13a05a53927,Chian’s artwork,https://x.com/pandora_0407,https://www.facebook.com/pandora0407/posts/pfbid02xJSSSjaDK4TyiJ4n79qFjaPKK1EPWMbL8Gv68PpwXtQGq7bZwdpcxTxiAcSXMR5Dl,鳴潮
193d6cb03a3047069f3c02a3f9ddd2de,Kouchiku卡卡,https://linktr.ee/kouchiku,https://www.facebook.com/kaka.kuo/posts/pfbid06Pw6tGnA3BDKRqZrrJex8zDhNBCS1QdCiDAmqzyWsJN68PV4Ak6AaRt1k7qpEHMGl,"星穹鐵道,鳴潮"
fd7d9773bf5948d69cced675ab989854,Akaneiro,,,
8e5135a203794e548fc656702f38d62d,紅音色,https://www.facebook.com/akanyanya,,星穹鐵道
ab75311b6c2045dc893a6beabb5d7236,Takashie,https://twitter.com/zjo_oly,,
c63613d42c7c458ab17903e4317488f2,JAGOO,https://lit.link/en/jagoo,,"妮姬,絕區零,VTuber"
5dd9590039e0416e80b9cdf7c60f0c68,橋本衝擊會社,https://www.facebook.com/qiao.ben.seigi,https://www.facebook.com/qiao.ben.seigi/posts/pfbid0KoBpxiYVAA7y4AEHx15nCmhLcNLxwVU18ACCtNGnfycZvf14zPSt81x6jfkb4yLel,"原創,上伊那牡丹"
d3f8cb79590e425da2cdf0cdc4acf418,DOS,,,MyGO!!!!!/Ave Mujica
6cb71dbba6e14af69f0c48a4864cc73c,蘿莉豹不吃DM63,,,
0108608378c14e69b4035ee171e4da18,狐狸沒有耳朵,,,
bfe0d07a9bd94184802f7273e0c2d5c3,LyNeva,https://lit.link/zh-tw/lyneva,https://www.plurk.com/p/3iytwxz8bo,"妮姬,VTuber"
77f5bf33beb545d584a72133586aa1c9,伊羅的畫廊,,,
9d4d865159ff46428afe192c589fd238,黒羊制作委員会会,,,
5988fd3f823d4e83b28c1c8cc93d4a83,Aminww阿明明,https://www.facebook.com/Aminww.amin,https://www.plurk.com/p/3izsyumt4u,"原神,星穹鐵道"
c9abd2bdc7c544ff9c53a6a30e4a7a19,丸杏亭,,,
7bcfc0abc3d94d46bb809f01e4db5ed1,Royalみるく,,,
9a3e6e35b2fc48f6a14890e8cb2f82e9,麥芽堂,,,
4687fc8844574e03a43c140c96201f1c,大江戶外萌,,,
657a049af08644f69109ba6c769ec2b3,初夢蛙町,https://x.com/Pinkyringring,https://x.com/HatsukyoRo/status/2084910113610195181,星穹鐵道
0905b4bb8e9b40d1972cdf602391fe27,本本貓是一隻貓,https://www.facebook.com/minehonn,https://www.facebook.com/minehonn/posts/pfbid0388jPQRKcNyjbgGkJasezf6G1BmgmTtvnanUnmZ6j6ts8H3nX589nNQDtDTpeXpZQl,"星穹鐵道,絕區零"
ef5c9327e31c4953a07ce1e63c585b23,涼拌天窗,https://www.instagram.com/59_naimi/ ,,星穹鐵道
2c8c247ff24445cfa45a45d65c15defe,御芊,https://lit.link/zh-tw/yuchienwork,https://www.facebook.com/YUChienwork/posts/pfbid025k9ufdXzBTHdKTW2vDVFnpr1tNkH1KStB63KWgc5sHBWuAqvaX2Z6QyEudFvPRX8l,星穹鐵道
9af319360c9a4f72b94830da0cf873b7,SIRIKA,,,
5997483b731e4fa5a9e7380e93eadb2d,Miaosugoi,,,
cf421934617c4a08bcb5a07b27c14c1d,Zerotabi,https://x.com/zerotabi1210,,
8f51805d6ee14b158242243a7ce04f3d,VCCC,,,崩壞3rd
f918a37520184f08ab0021eaa54b689b,特雷普新寶島,https://www.plurk.com/illamazing,,賽馬娘
2dde17dd74d540ec99293389d6df6ce7,芋圓挫冰,https://www.facebook.com/yu.yuan.feng.li.mu.er.fen.guo.cuo.bing,https://www.facebook.com/yu.yuan.feng.li.mu.er.fen.guo.cuo.bing/posts/pfbid0qiDDd9Vh3VM3gJDxgNe581Vo68xxZBrR6xwwBxtyi7Lt7ZTYEAjuQRbS3uX12sJcl,賽馬娘
7ec701dc241246cb8d02ee1bdcbdd7d9,月面基地,https://lit.link/en/kyawsan2005,https://www.plurk.com/p/3j0n1qi8rx,賽馬娘
b9cb658cf15a4d548da815b541fc9fb1,vococo,,,
f55b53f35b5b492aaac0f42558d45b4e,Takiki Palette,https://x.com/takiki2828,https://x.com/Takiki2828/status/2089657446264672426|https://www.plurk.com/p/3j1saxgbwd,"賽馬娘,蔚藍檔案"
640ebceb6b044d738418d93fae37bf3a,木瓜サンミゲル,,,
465679fc6b1346719acb00870b10204e,霧月社,,,
4250d0dbaf5d4d5c827964532f480f69,yee想天地,https://www.facebook.com/YeeeeChiu,https://www.facebook.com/YeeeeChiu/posts/pfbid025ESiKga5bHRAjHdVWBB2XWWWwMpPgqfGXZGWXfBjbCHhEd4UQs4jqYe3tAzsgMATl,賽馬娘 
ce794f82bcd04794882581442cb37e88,墨貓空氣幻境,https://portaly.cc/blackomicat,https://www.plurk.com/p/3j1va7lo8l,"寶可夢,獵魔女團,仙境傳說,Vocaloid,世界計畫,VTuber,刀劍神域,原創,黑執事,葬送的芙莉蓮"
2086753e6ff84d47b4cf719806478386,本喵放空自我,https://www.facebook.com/YuutsuNeko/,,"寶可夢,魔物獵人,薩爾達傳說"
762c5bfffafc430eb3ece7881026fc31,～黑色布丁～,,,
09a6f42faa054af0bd624feb67b6377f,米蝦米,,,
e014a1a5e2574995bda980a1f493a8d3,毛毛創森坊,https://www.pinkoi.com/store/linejoinerycreation,,
efa00049190947bc82b7f6fc90d77ad5,動物押花,https://www.plurk.com/summerbonekiara,,
ef61daae0c154d639afaefd8a5706162,冒出來的耳朵 | 珏兒,https://www.facebook.com/profile.php?id=100012822046550,https://www.facebook.com/permalink.php?story_fbid=pfbid0kvbZvZ7z69RA1i7yRjcvepa7gBkQ7sUR8tCoqN6yazuudcqJy7Jy3X9vsvCXBWbfl&id=100012822046550,寶可夢
340c7475f3ac4ae4a4f4d654cdc52431,星球蛋糕捲,https://www.facebook.com/iceefish.fish,,
546bc2351b3846a9812e977f9fe18282,URA BOU,https://www.doujin.com.tw/groups/info/2584/books,https://x.com/mzenura/status/2083505679298703748,世界計畫
a9e17f50277446e79a7e80dd614063e8,讓我再多睡一會,,,
cd82f5febd934d4990bd69aa943684a6,奶凰包,https://x.com/liquineeeeeeeko,https://x.com/liquineeeeeeeko/status/2085665407260897569,"VTuber,Arcaea,WACCA,Rotaeno,Shadowverse"
9299f6b161d3453496f9ca3972a5a804,Nemumi Parfait,https://www.facebook.com/mofuuneko,https://www.facebook.com/mofuuneko/posts/pfbid02Qj6fg5YJCUcRaetB3o5By6TCB7EiiCfYkMXtkdGbXiKeJKfyaMdUfRG43ZFCFSj1l,"Vocaloid,點兔,原創"
a1c11c23387d4dfd90b22d5a190ada8b,巧克歐蕾,,,
c1a2c005f2b14ba594af1627c8b2d924,打牌萌,https://www.plurk.com/tom780313,https://www.plurk.com/p/3j03y3hdci|https://www.plurk.com/p/3j1sqnz9w4,遊戲王
a86e22812559459f97ec623a8d9d7b7f,稻禾工作室,https://www.facebook.com/BGD.TanTan,https://www.facebook.com/BGD.TanTan/posts/pfbid02Kgrf5KuW7emXPXxUrFDy2rFP2GfLgQ49dYQUjaT2WPRR94sdD1zvY2S3Ea4AU3g4l,"原創,VTuber"
a0ef117de03a46699072a4b8f32aec7f,猫丸聯合會,,,
1028ec908481495c841c4a60e7e9b1e3,ZM敏,https://lit.link/en/zimin183,https://www.facebook.com/zimin.183/posts/pfbid02Af5si6ZHpMaXYA4yikPGRe8teeTvdjfHRdixiARGiyhXeKHop5tWzeH8mc3SaYTkl,明日方舟
b3de151663624fc5bee861d14761722c,熱炒地獄,,,
61b497374679466eb1f898d2a187a67a,小雞塊嗶嗶,https://x.com/ShinaS_13,https://x.com/ShinaS_13/status/2085023459042804039,明日方舟
82757cecca2e4119bd3ad1fc943be642,神奇回收站,,,
6165f0cfc2b54a9f89d0ff9265dee2fd,遜咖歡樂屋,,,
dfb3f512b8b94641a7fabc0847584ac4,將軍與殿下,https://www.facebook.com/3DUYI,https://www.facebook.com/3DUYI/posts/pfbid0kmD6niFUVA1dg43kgpkuiiPifn8mKtHNkXeEiSFkxpK5K8GLTXBHpTNVwoy7hPeZl,"明日方舟,妮姬,鳴潮"
c836b14818774765a33132c96b5bad9b,Ema箱,https://www.facebook.com/KuguiEMA,https://www.facebook.com/KuguiEMA/posts/pfbid02mbUJgqRtHJt2o2BgaQXDcbS811faU9XrNH7EsKuJP33PLjXYzdprfbYqAqDr575tl,明日方舟
0b4b9420aa9e411bba416bc244c2b792,HM Manga,https://x.com/HM_Hmongt,https://x.com/HM_Hmongt/status/2089371817047973897,明日方舟
35605cbf5490488197b95554a39273e9,霜隕Lostar,,,
59ad5114a6fa4e79a71c4242af602963,尼艾NiiE,https://www.facebook.com/niiepaint,https://www.facebook.com/niiepaint/posts/pfbid0cyJEk5A4toKcMGo76x6B9aWYzLUKHpZ5SjmcJ59PP4cWsKgYiBmwgVd9fgAYWXBMl,"明日方舟,蔚藍檔案"
097bec4af0134372a7c1c45237731788,博士還不能休息,https://www.facebook.com/profile.php?id=100083322383475,,明日方舟
2f1637b2713c49e4973e65bc5cd7835f,ADPong,https://www.facebook.com/adpong0714,https://www.facebook.com/adpong0714/posts/pfbid0NYdnj5jeFqMF9gjN1R3r9LvbBmwzUUmq3zQMzNELTMrAZ4Vn5nMknndzBGFsSiNQl,明日方舟
1de00ce77a40406a8cac42ebba54a90d,MAkoriii,https://x.com/MAkoriii3677,https://www.facebook.com/zhang.xing.yu.606115/posts/pfbid02xvp293aNXsFuRxXWMG4o5EA6ia8UaazfptEVSzCUMjNW76C8L4R2sArntk5qZbDdl,明日方舟
17a3a307373a4cdbbece103947d17258,"No day,no night",https://x.com/samrui2,,活俠傳
bfac655928424748814db5f510c094c7,キネマ106,,,
b486a723a933450ebe52aff43022c8b5,杏。Xing,https://www.facebook.com/XingJustDrawIt,,"魔物獵人,艾爾登法環,絕區零"
b99b1063d01c4cc4b8b2288890887011,逸遊団,https://x.com/Its_you_dan,,"FGO,蔚藍檔案,東方"
b51ce5b5ee8149709f0c8e5b32b45b34,恐怖白果醬,https://x.com/horrorwhitejam,,
f99d73919c9341258d3b9c8436a7fbc1,包子部屋&大磨界+GIO,,,
c120bd4b643e406b8c2fd216b4f465e4,俺企鵝,https://www.plurk.com/Ayaa2lu,,FGO
fd86350574664011b34206e4324d7bfe,圓桌會議,,,
4e935030975f4bab89340ca969f23dae,色彩不耐症,,,
273d4fd3c9ba48f1b419c323ceb85afc,這個名字有毒,https://www.plurk.com/pudding28033757,https://www.plurk.com/p/3j1wwzyu29,"重返未來：1999,MyGO!!!!!/Ave Mujica,鏈鋸人,星穹鐵道,魔法少女的魔女審判,明日方舟,Alien Stage,再見菈菈,櫻蘭高校,春夏秋冬代行者"
c55df26fb3214e888be499dfaa6a4caa,グレートキャニオン,,,原創
a78605e3bfa14498afd3c83964bf380d,柔らか青豆の温サラダ,,,
c17be31773e24cfe88218bbb68d48d91,萬象澄澈,https://lit.link/en/originkurage,https://www.plurk.com/p/3izismhhfx,原神
0f8d58c7feb342069fb884d600b3b0f7,黑暗小倉庫,,,
334d273759e441a7ba8cac5412093752,SAKUSAKU,,,
2121fdbfd41e42d0bb0569e75460389d,待援生活,,,"原神,星穹鐵道"
9f2736b748b34e1a90362e48f8b48868,TiraMisuMisu,https://www.plurk.com/keiko_kanshyo,,原神
97f5234fe6ef4d2fb6e321a9dda7360f,Kamiya神夜,https://x.com/kamiya19930330,https://x.com/kamiya19930330/status/2087506773985112178,"少女前線,賽馬娘"
4a1e43cd98f64c85abca69564ac77a42,咪咪協會,,,
26dc03913db940c5bdb6bdbc417f18e1,玥炭繪館,https://www.facebook.com/maoyuue,,
47011657e5e64ee588b7c3fe16877187,蛞蝓闆娘,,,
fdc092d746fc4a34b160dab41b493f76,陳新貳,,,
6340d80512bd4c838ce98b9fc02eeab3,Harkyan,,https://www.plurk.com/p/3j1v8gy7ay,原創
303684cfa36a427dafe8c5161a8cde5a,螺旋星夜,https://www.plurk.com/lasperi_10th,https://www.plurk.com/p/3j1fvfmdpz,最終休止符
08b217fdd5b24418bc084bc57e2dee58,空洞騎士屋,,,
914a2d8975eb4957a05041c9912ef13d,に向思考,https://www.plurk.com/sss4361,https://www.plurk.com/p/3j18r8pwe4,"棕色塵埃,小智是女孩啦！"
992243769bde4a08937539dfe29dbcdd,漸進式TAN線,,,
e5bad142f3404d8d8f03c89d6efa2fee,和(なごみ),https://linktr.ee/shian.shining,,原創
fa5bc0622ace44a683d3ccbf4fbe4d06,5年目の放課後,,,
b6d8cc19275f452c861f1cbd1a2ea346,德意少女,https://www.facebook.com/KnifeOldCat,https://www.facebook.com/KnifeOldCat/posts/pfbid0QnNvg2ZQMfBfdvBJmFmnrkzeihPVxK576QeTXxgH9g8AvJTRF47b2qJwLGnsyQrel,
839889598dd14dcda7cfb0e112d8ea38,Bedtime Story 被談聲聆,https://bedtimestoryasmr.com,,音聲
ff55af82a2424519b5624525f06aedfe,霓聲工作室NeonVoice,,,
cb4159ad79ce456e9d22c784cb932d0d,TAMUSIC,,,音樂
c545d03640cd460bab1ae0a47d2e2f20,OTAKU JAZZ COLONY,https://x.com/OTA_COLO,,"東方,音樂"
a74c36e1aeac4ca18d4dd77f5e40b599,東京アクティブNEETs,,,
2a6d5625b19e4a6691423744913ab356,黑子娛樂,,,
2ae06561ef2e43bc8fdf6d91b8455a2e,Hardes,,,
129d81a83ea5481c9dacc988f7e9a631,Yonder Voice,,,
0dd0a5335ba94d4194fbd17a15c8635e,あぶら畑(ATOM)グランテッド,,,
4024e304e4dc4d78b6bb748adfb2b6b0,ATDAN & Criin,,,
2b2c9256687a4b97a90fd9ce5bc64e6e,田書坊,,,
256302ae4216493bbd6ef0cfb92439f3,東方project文文新聞資訊部,,,
a50e16bc7314499a87ff0fac043ba5e1,夢光創意,,,
43c4e12ee89c4355b14e41f095c4e2e3,愛肉通販,https://www.plurk.com/erohon,https://www.plurk.com/p/3j0n44wgb2,原創
7e7ffca166684a66aeed46f871871ea3,Sky-FreeDom Arts,,,
3f968e7c0c08491baa45747c6b0a2c1c,Candy Club,https://lit.link/en/candyclub,https://www.plurk.com/p/3j07lcd170,原創
c1ed770153f7476a992f9b56e7115db1,御饅頭帝国の逆襲,https://www.plurk.com/Manjuukosan,https://www.plurk.com/p/3j12yl6szn,原創
22830b7b36ed4db3996ccdee908c6c2f,Rev3,,,原創
e5389a23b4f74dd1a636050643d78f4a,BANGSOM,https://x.com/_bangsom,https://x.com/_bangsom/status/2089679004932743400,"原創,Vocaloid"
b65643f2ed964496b5f6735f83e4a28c,23.4ド＆きのこのみ＆蜂蜜少女,,,
ce2b9b3cc1f84b5f97250d096b8a3d7c,萌え北鉄道,,,
202c8dcc2f0749528f4b8a2f93283e9b,こむぎばたけ,https://x.com/ko_mugiiiidayo,https://x.com/ko_mugiiiidayo/status/2085309175568244903,原創
5a94d838b2da45ee886f127109a542b1,少搬三箱赤狐旅總黨部,,,
5f3dab3ab70547fd8b6c76aa23a5a251,綾枷家の猫,https://www.plurk.com/chiyoko241,,
aa8a4df8c3f94154b8c72774fffa5d0e,酒蔵～chichi～,https://www.plurk.com/chichi_agent,https://www.plurk.com/p/3j1d56a0e5,原創
67405cbfb4ce4620acd11aa42fc34ff0,天狐城,,,
ea1b53ebfbe646e3943d6e7ba91631e8,咖哩東,,,
4751bd6a1ed04d47a0cd46ef918eeed7,ACG動漫迷的秘密會社,,,
086e0515bd104242abf5a9646a91467d,數位軌道2,,,
c26b9868bd4e40ef803b571d4d37bc01,台藝大極風漫研,,,
363b65f086684539a026389711f86ea3,中原大學漫畫研習社,,,
f88a382414054aa2a58b264276b29f6f,台科大美術社,https://www.facebook.com/nacartwork,,
ec2303e3942d4df7857a7c49543a28b2,studio e’kis,,,
f5f122173369429da6815dd9eabe3800,雙夏,https://www.facebook.com/PatonaNatsu/,,原創
8fee1da29b93458582e18b07a3c909ba,海洋大學光畫社,,,
5bc56eb837414e22b90f4415cb985cde,HitenKei,https://x.com/HitenKei,https://x.com/HitenKei/status/2089652379272818700,原創
7b488ae486cf4d4e98b9c8a1adb3e404,WAGA illustration,https://www.waga-illustration.com/,https://www.plurk.com/p/3j1vvn2gfl,原創
a871deed1e7146f3a453ae5e4f44e8e1,＋そおの,#NAME?,,
c6b17af39e5e49a4bdb631d08c13d8d5,三食納豆飯,https://x.com/rag_ragko,,
4193544ce95c4b1f80dd633ae179923d,喫茶　華楽里,,,
4c87b2949eb24756be2146706f7316ec,雪歌草’Art,https://www.plurk.com/yukino_neko,,
e8c795cbf333437189d7768c5e39cb6c,白晝夜行,,,
3defbc3f00d64d2a89152fc028cc20b5,蚩尤,https://www.facebook.com/StudioAmatiz,https://www.facebook.com/StudioAmatiz/posts/pfbid037etYKGTbEvwMb6boXtEGh5p1PNYCR7JUsWszkuCAoPaLcnA3QAHbTxwKUr8ULohkl,原創
9aeb73273f9449d396615cd228f916a9,BiBiRoM,https://www.plurk.com/bi2rom,https://www.plurk.com/p/3j1wtpppdo,原創
8ac44a00681d48be97d77693327d36c1,草神,,,
6d687a74e44245af8e17821382dd53a2,創意漫畫大亂鬥,,,
a1e0e44466f846f385ebdd6ece3ac35a,正港奇片漫畫工作室,,,
6b44df92f8e5488b93eb8a9a7178ac37,賽路伊斯-七曜個人,http://chiyau.weebly.com/,https://www.plurk.com/p/3izdfjpmvq,原創
784101d1ad3e4498b5d671af8bd2e763,芝麻鳥事,https://www.facebook.com/gomatori/,,
d2edc870967849b0a5353c257d12e07f,烯醇enol,https://www.facebook.com/aenol2011/,,
732af9270bfb4987b829c2d0eb0262a3,畫說日常,https://www.facebook.com/54ebiyaya,https://www.facebook.com/54ebiyaya/posts/pfbid024K9rRu1y6wbHisnpuvrmrNgpSgGrfWboXDHcqv3yzsT8HkVP2n8jGFFEHYxim84ul,原創
99a1f59e22b342e1859e97761fe680e7,景美仙姬巖,https://www.facebook.com/fukacea4,https://www.facebook.com/fukacea4/posts/pfbid0xYeSP1P6DtKihtd2iV92jLB42qXVFEaMuD3zBsQMt1WrEFLRXq5ADni6ePCYamDWl,原創
454518bcb1e94169a10bcd1bf4fd846e,LSS的機械陣地,https://www.plurk.com/LSSTHYMO,https://www.plurk.com/p/3j1i8c28g9,原創
5b765a3251a641a28fc32fac613e2d33,窩窩兔的兔兔窩,,,
ca86e6cbdd0b40ddbc2bab2892aacb34,墨繪師御歌頭,,,
28138a9e1e0648738fde3a463f6c9a84,微光創造,https://linktr.ee/GlimmerCreate,,
a5fa5ee5efb54343baa50da1efd7fa17,貓晏的小舖,https://www.facebook.com/profile.php?id=100063824298824,,娃衣
b17a77bd3be34b3bab03627d0ceaa88b,獸獸的玩具？ fur.shop,,,
36d6ed7d6fd6495f9eedb9c3e155e7e4,易爛,https://www.plurk.com/YilanUN,https://www.plurk.com/p/3j1mvlfq0a,"原創,絕區零,FGO,VTuber,妮姬"
8074d86f124b44eeb09e38949a6b8ca1,conscious8th,,,
ea026d78d43641d59174ca99f71d9c21,G&K modeling,,,
376fe0b6cd23459d9ceacf993a58f793,粹心齋 模創空間,,,
d35f260ec30c452d8a013076533fcc2b,KAYASE STUDIO,,,
406810b523a742a590a2b80e28448b74,老雁小坊,https://www.facebook.com/profile.php?id=100064287512194,,娃衣
bd21b0e79c6e43f2bb36399fbc213650,怪獸箱_monsterbox,,,
c79f2eb1e0f042119e76d03bb8725a27,日落之旅藥水舖,,,
4457b39f3c1f475b93dd109a67da584e,若若食堂,,,
29e54f78c7c048ea871e023f17693f47,Jolee二創手作,,,
c423e8db1d4b4207bea462fa1d90a857,手創館,https://www.facebook.com/qian.nian.9,,
f9abb91354514f42b91f7ba6306fd35e,薛頭的塞,https://x.com/ShadowDesign112,,
1ae1be2e985f476c904b2e426341f46e,狸奴小築,,,
dd1591d859ac460e8ad7648d4ae9db6d,ZAP製造所,,,蔚藍檔案
e0324d582d154094bdd8b9d8743c892f,好惠圖屋,https://lit.link/en/yoshieeneko,https://www.facebook.com/YoshieEneko/posts/pfbid02WurbN23T6EfUqwpfV4njh3LX7ADjhkfwGxZCUrnD6K4bC91rfaBytgkxaFho77wCl,VTuber
33b4167705ca4b60a1df4aa1f48ba67c,波比好朋友,,,
2249bc6c41d34b40b7385f1d4f23a826,小壽司的快樂板板,,,
f9909f5801c84e308466d807ad25b4c6,Meows Create 子猫丸,,,
2d41725e90cd4b66b437022afcba4f7a,南瓜男pumpkin man,https://lit.link/zh-tw/pumpkiiiiinman,https://x.com/pumpkiiiiin_man/status/2083898838759412216,VTuber
e69d8984b7ea49968ef7eba727b764a4,平面狂想,https://x.com/jpc77127,,
0e48fc59288b4b618c63076d3d0eda3d,SSRB無限地下勞動部,https://lit.link/zh-tw/WOOL,https://x.com/wool1997/status/2090023470600175854,VTuber
fc278c2e2d6b46a487e51fe8d89100e3,兔司-TuSi,https://x.com/tusi_0502,https://x.com/tusi_0502/status/2086406222442622990,VTuber
2e3ebf6c7c5c4a2dba216f90e50633d9,町貓貓町,,,
4c9b2ed7c0254057af6e706f1e16df72,粗線條工房,https://www.facebook.com/profile.php?id=100068021243803,,VTuber
11dd509f35ae4c5cb364c3817b017847,ふわふわにく屋,https://x.com/kiyaru9,,原創
3a5dc829120d4fed88a1d0d70bb1f8a7,草莓大亨堡,https://x.com/zkoooo_,https://x.com/zkoooo_/status/2089661080263933985,VTuber
a70be233394d4537875db27cf03b8c04,鱷魚恐龍工作室,,,
31b37d4e2f9e403f8382761ce1356b61,ZZZSTUDIO•樹懶工作室,,,
bb8a7a71f0fb4f1488ec1646ded57a58,羊的老鼠窩,,,
b03a14797331482193799050a62cb632,櫻花雪月,,,
0971e6a6b3e049eb8d993c2e5f7e9fbe,路地裏同盟,,,
a70b6966e12a46dfb0671ea239e0ec7d,兀幾斗wugedou,https://www.plurk.com/wugedou,https://www.plurk.com/p/3iz8i3v4m7,VTuber
66675fecf0d54ca99817b810f3ff1373,零星集市（stellar zero market）,https://x.com/zero_021019,https://x.com/zero_021019/status/2089340873331069173,VTuber
03a4f480edd44628944e1a180753b9e4,春の屋,https://www.plurk.com/ztex0123,https://www.plurk.com/p/3j12evrv4w,VTuber
5a4ec1020e3449bdbb618c5fba712a0c,致富密碼,,,VTuber
ff131f364500431bbae4df85b1e68d70,Miki is Otaku,,,VTuber
22b1050a3d5e4b3b941627d90cfe82dc,howu好油聚集地,,,
f8ff492da0444e76afbe1eef2036fe0c,繪宅米行,https://x.com/Ricke_1102,https://x.com/Ricke_1102/status/2087285352222633997,VTuber
755bb13794824a4b9075f0e1aaed6c8e,月見猫屋,https://lit.link/en/tsukihikarinya,https://www.facebook.com/tsukihikarinya/posts/pfbid036K8dCCjA5fnLPVWE29zzZ5J1KXbM8YdoSuJErh8H3UvEfD7zvhavZHmLgB7XQyBVl,VTuber
a087f349c5454138ab5a6f2446f3ea28,闇光社,https://www.facebook.com/e.kanochi,https://www.facebook.com/e.kanochi/posts/pfbid02xiFiHuyny3Pcq5xjjbk9A9f6W5zQsUak6kj5nQW8CazPups3Aoq3jJ9Q568hNiLpl,VTuber
edb1f7aa3b014c6eb2864e1aaf8517ff,T.A.K.O.水族館,https://www.facebook.com/profile.php?id=61553864348427,https://x.com/Spartanii121/status/2087814870859481322,VTuber
1c0d7c27871d46258c587168480c251e,青頭白龍,https://x.com/bhwhitedragon,https://x.com/bhwhitedragon/status/2088288184128221474,VTuber
65488a72ac884e78906e41357795160b,工坊夏至千里,https://x.com/km1000km1000,https://x.com/km1000km1000/status/2089640546692370534,VTuber
f5075d0f302d45e48557adb9883c4bea,早安柴之美,,,
a7b056a0c03c4d9e9e23a547aae88b13,海生番茄,https://x.com/rantomato18,https://x.com/rantomato18/status/2089687116657885483,VTuber
571cdc0a844444d089e00c2ff09fa6e0,Anifanshion,https://www.plurk.com/drboss,,VTuber
e632555bfefe4b9d9e4623d10f6b84a4,赤兔芽,https://linktr.ee/rabbitouo,https://www.facebook.com/alma.lan.37/posts/pfbid02LpNvQaMGk7YCWqPXSPovF8w1GvKR3AnXDgGvd17qgR6956odnbXqa13M4uiLJewXl,VTuber
e7d1684cd9f14903bd63e97890a9e022,烏冬傳說,https://lit.link/zh-tw/reikakrzk,,"學園偶像大師,蔚藍檔案"
52cf1b24979948a9a5e04bfe67f78173,74 Production,https://www.facebook.com/IdolProduction74,,蔚藍檔案
f3b34064ac4540c6a45732db02c471cf,波乙馬桶,https://lit.link/zh-tw/boyima,,VTuber
24b1b1dbdaaf457fbdb5141ab114aaa9,寄夢,https://x.com/DreamD323460,https://x.com/DreamD323460/status/2088942641195147491|https://x.com/DreamD323460/status/2089297495826567495|https://x.com/DreamD323460/status/2090020840738050510,"VTuber,葬送的芙莉蓮,鏈鋸人,Re:Zero,英雄聯盟"
d67479adda8f4691a4a875813ba2471b,萌夜茶会,https://www.facebook.com/moeyatw,https://www.facebook.com/moeyatw/posts/pfbid0FdHjDz1C21ZTUGQ73XzTx78tE9j6Sn24nU3L8jfQpCT2LZux6j1VrUagt31BXmbgl,"光之美少女,星穹鐵道,蔚藍檔案,魔法少女奈葉"
62e96ad062cc478393f52313fb5d19d5,PoiLiang,https://x.com/PoiLiang,https://www.facebook.com/permalink.php?story_fbid=pfbid02kw99w7MbTnJQofPh7qM6KJVGSNJAqWSHYey58ozRUweA3Pg8VSGqFgs8qkx265Mcl&id=61579182357523,VTuber
e87ddf91e0fc48a48c6d906b81508a5f,你們是女同事嗎,https://x.com/wanderingfox310,https://x.com/wanderingfox310/status/2082325603592855614,VTuber
76ec55eed5e14434a945b5ab37e2a2c8,星軌工作室,https://x.com/StarTrail_tv,https://x.com/StarTrail_tv/status/2087476686757798222,VTuber
31a17f19f864415ca327ffa759e7e570,薄荷花園,,,VTuber
dae9cd8886fa42da83ca95ffec767270,紫貓屋ZimaoStudio,https://x.com/zimaostudio,https://x.com/Mea_0731/status/2086382262862663997,VTuber
ebba6d87b2c74f2bbda6e19639ad4245,咕咕郵務所,https://www.plurk.com/buttergugu100,https://www.plurk.com/p/3j0l4ecutq,原創
d53ff0f1ce7f4f639b8979173fff6882,人見巫拉拉,,,VTuber
3f689c9894ea48df868cd1d3db516f8e,七兔不好吃,,,
6ebfe203c9c44fa3947fcb8ae63a3858,羽星吃星星,,,
b904f02050444311b2794e0e8351eff9,莓芊宮,https://x.com/ichigo_tokikoi,,VTuber
5908504fc93344659d5301d28a5c5d04,EPO’s Art,https://www.plurk.com/EPO_,,"活俠傳,原創"
7ce315b1e9344c969673157994ea1f9a,颶風攪拌機,https://lit.link/en/hunman360,https://www.plurk.com/p/3j1qvcxp6b,VTuber
cf6ecc64cb954838a7320988074d22b1,月貓創意,https://www.facebook.com/nokomakawa/,https://www.facebook.com/nokomakawa/posts/pfbid0zF3GW2MvT3rNSrAG11dg17gApfoeG4DbQqDzyZLGE3fpSYNSw8QdzAuw2sYKpYujl,光之美少女
ae4778749ef04900a2ffd66abfa111e7,庫洛姆•Kuromu,https://www.facebook.com/kuromuono,https://www.facebook.com/kuromuono/posts/pfbid02cWeY8TYVaWmWNRHeFpaaJkixXgfZ1djSnu6QmsCRyiZQtYkJQMNFNQVVbxXUf7aql,VTuber
dfdd3b85b36f4fe9921c4371a7456678,福呱娛樂,https://x.com/Blessingfrog,https://x.com/Blessingfrog/status/2079959658597355680,VTuber
1aafebb0a45e43f3978acf5e386c9c1a,與史萊姆共生的惡魔公主,,,
4b617f3532834f3a87c16694692fb7d1,虛擬家長會-YUAN,https://x.com/YuAnC0531,https://x.com/YuAnC0531/status/2088863134757040458,
54edf89e49114ef8b54ecb51282fbb0a,培式洋館,,,
9b3afbf373ef4ce691276d116a206e9f,無病習齋,,,
b83f5995de2d4fb088a59c3c4f9dbce1,瞪白紙工房,https://x.com/nanoha99001,,"遊戲王,敗北女角,Love Live"
64fafbc30a3f4abf918e42c4ac1780c1,芆Z與他的繪圖好夥伴們,,,
3d6a5b7d22fd4f16962f56316e46e9ba,U-232C,https://x.com/angy_otter,,鏈鋸人
79daf240ca8546bf902291116367e455,週五沒朋友,,,
3764768d7cd645c8adc7fb91c40cf373,倫語project,https://www.plurk.com/asleisureto,,約會大作戰
3289070e7c9c491584db7b7fd947a219,Esther,,,
d018704e640f4fd38a492be9a0608e0b,阡狐Huni,,,Cosplay
83e95269fd9442069dd76914b95c79ad,棉,,,
70f1c25235db46b99fb3f1a73e7a908b,龍魔女望夜,https://x.com/bluenight1022,https://x.com/bluenight1022/status/2089852721327484938,VTuber
d86dc8d673fc402ea1721b62b5d3cf80,箱庭盆栽,,,VTuber
0465b159e0324fc29ea9736cf4ccb037,洛氏宗親會,https://x.com/jinjinsun217,https://x.com/jinjinsun217/status/2086346743906758694,VTuber
7d4a7f2a28d84a1d966b93cf1c189757,Nicha茶茶,https://x.com/nicha60606,,VTuber
39077e3a94e74efcb1f13dd1c14a4888,軟綿牧場,https://lit.link/en/fatsheep0621,,VTuber
890f53cba7384b598a4f30999b371fa4,瑪斯家,https://x.com/hookeyangtw,https://x.com/hookeyangtw/status/2085634940457414750,"原創,VTuber"
7abca237c3584690bbe16e388967706d,RE炸雞店,https://www.plurk.com/fairywind5487,,"VTuber,鏈鋸人"
c29a279750574cc7b39de1149e99bdf7,‘-Sakimiya-,https://www.plurk.com/sakimiya,https://www.plurk.com/p/3j1s5h439g,蔚藍檔案
53b7a5bbf3e94f48b069cb2520d9e1a2,regnie,https://x.com/yzk_knmn,https://x.com/yzk_knmn/status/2089653535629869431,"蔚藍檔案,VTuber"
bd397557a2d94837a79e6da81035f57e,KUWAZA哭挖砸,,,
4e9c04fca16a4a8ab3aebd4427dffe69,歐派拜拜,https://www.plurk.com/k68122001,https://www.plurk.com/p/3j0mvbz5nu,蔚藍檔案
57288be6a3b346df91e54a2002deb8ad,Saturnalia,https://x.com/kyaroru0203,https://x.com/kyaroru0203/status/2089636165930320040,蔚藍檔案
37aaebd98b184ebab64cf46d3b8fce35,科摩多漁養殖場,,,
11bf47458e914fd3a531dca03932cdc4,人工降雨,https://www.plurk.com/Man_Made_Rain,https://www.plurk.com/p/3j1wl8jdff,蔚藍檔案
49663e8ed8874b14941f6439bde0673a,P&C手繪,https://x.com/PandC40673761,https://x.com/PandC40673761/status/2089242355056746734,蔚藍檔案
958a58220d0a4f9491275f85a93080f3,PIKA NEKO,,,
b023846533444c778b7544537cc82a55,CIRCLE WORKS,,,蔚藍檔案
ce2e902f29e04734b7a82fe719e9acbf,ArnebWorks,,,
d3aa66d4ca114784945ad0ea331d0497,禽舍漫畫老濕,https://www.plurk.com/nameco_chen,https://www.plurk.com/p/3j1iifwcxl,蔚藍檔案
d5eae90afa864b3c8a426ec1abee7e3e,甲Yeetの泡麵館,https://x.com/MegufanYEEEEEET,https://x.com/MegufanYEEEEEET/status/2088844614208004226,蔚藍檔案
ac43a64747b84761b16cd5b366333328,王福的高速過彎填海打卡點,,,
7cfbcae5aebc421db896e88e4c110784,小撿存檔點,https://www.facebook.com/xiao.jen.3304,https://www.facebook.com/xiao.jen.3304/posts/pfbid02zAg4dp2gSHwYhsjSxznLb2ygoLRoXkozzhzLfA226sSdW3DE6UgrEwFdqzGUSyQLl,蔚藍檔案
9b5c116410d9471cbff6eb3d9597de3d,半里廣場,,,
61cbf1cf92c64f4b9f140fd148735c6f,四季注意,https://www.plurk.com/s60398123,https://www.plurk.com/p/3j1hu7uazl,蔚藍檔案
86dc2a2ba1414af899f8b98292457a29,春夏秋冬王國,https://www.plurk.com/catbox230123,https://www.plurk.com/p/3j1hulqr7j,蔚藍檔案
e5cf7b09891042ea847b2c08ea9be1ce,Noho,https://lit.link/en/blamon,,蔚藍檔案
c8afd1d56b454fd19e48778b199fa0b2,六六六亞,https://www.facebook.com/RyoyakS,https://www.facebook.com/RyoyakS/posts/pfbid0kEC4tyhydUnB7QQ3wbx9TJ3p3AGwtWEu5eGRjrbBB2GmEytyGY7F5KVSZoCKLWhBl,蔚藍檔案
690adbe654654fefb230f49174da33ae,琉璃庭,https://lit.link/zh-tw/ruriniwa,https://www.facebook.com/photo/?fbid=1062570436716885&set=a.124035580570380,蔚藍檔案
9ab1127d5e464067ad3949a946926f86,Tomotan,https://x.com/TamaRun1st,https://x.com/TamaRun1st/status/2089554907200438288,蔚藍檔案
8b9720478748480b992e4cb8ad42256d,Okita Kung,,,
5767e8a404f244f39fb09acf5c55a050,Tomodachi,,,
5bb22abd43054f1285c90fab7618665c,蜂巢,https://www.plurk.com/HoneyBee_3000,https://www.plurk.com/p/3j1s9akc91,"蔚藍檔案,MyGO!!!!!/Ave Mujica,佐賀偶像是傳奇,DARLING in the FRANX,公主連結,VTuber"
f0915247caf44258a31df27b07e36a24,紫晶星宇 白靈子&亞拉希,https://portaly.cc/h6x6h,https://www.plurk.com/p/3j1a43ks6x,"蔚藍檔案,VTuber,原創,戀與深空"
541038fbcaed46528d0abb0e15d5c077,EWAI,https://x.com/EwaiObeiwei,https://www.facebook.com/EwaiObeiwei/posts/pfbid0jdTd7tDwXkmbaPwZvxcdS5h8HHw4TV6PgWShEsHZDNoWQJb7hH3JmWt24X8u1hirl,蔚藍檔案
ee873d20712c4f0b8307b042b5e4027b,Ekoru(代理),https://www.plurk.com/ek0ru,https://www.plurk.com/p/3j1rqq2cnj,蔚藍檔案
f21b4839d9524c93a388534b05bb2e68,よねや,,,蔚藍檔案
fe0705ec6cbe4b21af8cfbe157418fe8,Tempest 日本社團,https://www.plurk.com/Tempestylo,https://www.plurk.com/p/3j0841x9pp,"蔚藍檔案,原創"
b5c0efc9d33342e2a5e89ecf464d0d6d,貓卵亭,,,
c016eb7d37be4a47ad36ab5befb9f4c0,R.H本舖,,,
430ad6bb846645f5abfed857c38ccf12,雞肉卷集團,https://www.facebook.com/roguru.luo.gu,,"蔚藍檔案,魔法少女的魔女審判"
97843a22ce804bd0b3a3a2d9cb137ebf,BlueMage,,,
8192563d3c02406d828a2d662429f93c,心動大鳥團,https://www.plurk.com/b24567456721,https://www.plurk.com/p/3j1h94onln,"絕區零,超時空輝耀姬,蔚藍檔案,MyGO!!!!!/Ave Mujica"
c8a044e7b17b4693af64d933ca86b9a2,ズイカク・フィクスター,,,蔚藍檔案
7186076e26cb4305ad56a21e94b4e48f,完全に完璧に全壁に変態,,,
e0c342c2a38f47e3b45ebd0d52a0318d,RIN,https://www.facebook.com/profile.php?id=61556136043456,https://www.facebook.com/rin0214tw/posts/pfbid0283bRE4S4GNnmPTdaiBd9JfTnyqi7HJUzGQg9X8zUfCgiMMf7j7VyxLfvXRX5ZeGjl,蔚藍檔案
a4bf96c423ab4288ac21f99b8b34c847,アメアカリ,,,
a7a52e0c6a6f41f9ba8110b584103f7d,檸檬酸循環,https://www.plurk.com/takahisaT,https://www.plurk.com/p/3j1wxr8dro,蔚藍檔案
2c72276f39c3472091cb4dd64c0dcea1,Cigar Cat,https://www.plurk.com/Cigar_cat,https://www.plurk.com/p/3j1v5jod4a,"蔚藍檔案,光之美少女"
869d6b8cfdc5461797cea3c209ff41d0,古藤工作室 by MOMO,https://www.facebook.com/gutenmomo,,"Alien Stage,全知讀者視角"
7c0e50ff76be4bf699dd6c63d0c843f3,Id_Han,https://x.com/IdHanPaint,https://x.com/IdHanPaint/status/2088838158871908741,蔚藍檔案 
00426a9fcb094447bdb69f7e1d9dd6e2,五連裝酸素茶葉罐,https://www.plurk.com/DriftKingTW,https://www.plurk.com/p/3j1s2i0s8a,"蔚藍檔案,艦隊收藏"
37ad499a20db4c24922198f19181541b,伶伶 Linnng,,,Cosplay
f150ab98eaef4ce2aa6188d910a8c03d,汪汪 Won Cosplay,,,Cosplay
08229c2003014b9684ccb2cf0ee32505,Have a Nai’s day,,,
8cba0f8a15a0445f80bcca4914db8455,小咩,,,Cosplay
dfeb56c9b65b48f5830d01ba6e0a1eea,茉沫*MoMo,,,Cosplay
30c349d410354d63ac29ace4bf6ee5ad,你看這裡有一隻KIN,,,"Cosplay,妮姬,碧藍幻想"
544b849122f44aaa81c8bf395d1cb62b,HIKOHIKO,https://x.com/HIKOHIKO_0204,,Cosplay
291af5ae8f7c4756af7572ad9ee47669,阿兆Ajo,,,
caed8a9ecede438b9025746c9c2a8d95,兔紙Tuchih,,,
3bf233c37ab04ab581fd75f950b9b0fc,月宮櫻Tsukimiya Sakura,https://lit.link/en/tsukimiyasakura92,https://x.com/tsukimiyasakura/status/2089690332594364862|https://x.com/super_chishima/status/2089656000270004379,"Cosplay,妮姬,原創,蔚藍檔案"
325fd2e1dde94d53b171ae8ec389e66e,K的3次方,,,Cosplay
2bcd3597ae1b4612a5983da2f3e7999e,wendydydydy,,,Cosplay
9b0a563bc8c34a2fb7cf3304649d3eac,三三殿下駕到,,,Cosplay
e0bab52a31de4efb891ff48597cde2c9,#DREAMProject [JooA Cosplay],,,Cosplay
032ccbe907a249edb4cc2c1e745b0a6b,Shiori cosplay,,,Cosplay
5fc922b70623424db1bc5b9ad85044ca,AOI,,,Cosplay
d71dcc11004f4d7c856d1763aa39f2bf,Cxiela,https://www.facebook.com/profile.php?id=61586609199512,https://www.facebook.com/permalink.php?story_fbid=pfbid032tV1f8uDcQU6PtLyyCaMLG14bCMaG5Pujt5QkbaL2Nv6K2o8We6CrriF5d3CkqxKl&id=61586609199512,"Cosplay,妮姬"
517ba9e8ed7c4c91848d59cf1e81f00b,工口中毒ガールM10,,,Cosplay
206354f540fa40859dd070d55e89ab1d,芋泥啵啵鮮奶綠,,,Cosplay
315b58b0121d4aec89a0b73601556818,貓草DAMA,,,
301a71b37d254f839900f5b40321b763,剖貼頭 ✧ potato,,,Cosplay
cba4d121f2f94ccea02ff110f3049fb7,百合吉娃娃,https://www.facebook.com/ushiiyuri,https://www.facebook.com/ushiiyuri/posts/pfbid02Mym6APP7i1Unyzjk266cvStbTn6oGa7WfgctZC42yn9Aysgp21jKq9YTZ81J3VM9l,"Cosplay,鳴潮"
9c91846aaceb45918fdb4688f0552853,‘+Ely Cosplay+,,,Cosplay
8915cab5b4464affa554c662123fc7ab,結Yuiゆい,,,
2d58715eb62741f39871873db575b699,0蛋黃女子由奈0,,,Cosplay
d56a036c947b407797388dc7cfb9730b,野兔_Usako,,,Cosplay
307f490dfdcc40028109a1e3cbe83e2a,哈捏Hane,,,Cosplay
edfcf5ea263549088e812b4ce6506586,阿慧社,,,
8d33f6d8e0094d52a4918c462aabcc8d,小薰的百變魔法衣櫥,,,Cosplay
cd3469311a3b487ca2c0a3f604f26c93,隳光拾影,,,
4e704dcde25d4306a882ead8d9ec98f0,荼蘼的祕密花園,,,Cosplay
4fd6bc109b47416b9796a3ac48e9ab1b,玄子Genko,https://www.facebook.com/genkosama,,Cosplay
7080fd478964444e8cd1ca221a7ad6ea,雨白掐哩甲白粉,,,Cosplay
af89650ec8174502ae7d5d6e5e73b180,小琪 Aki Cosplayer,,,Cosplay
67cb3bcba8654e61b611b1cca6614849,瑞紗Coresa,,,Cosplay
eee6fd1faa1e4863963eb5f755581f0f,#DREAMProject Momo,,,Cosplay
089475f9879d4255ab78d192e7a1f02f,#DREAMProject Shimo,,,Cosplay
6136b9ebf3a54712904b9e08e080fc48,#DREAMProject Usagi羽咲,,,Cosplay
633bc7d70c734b7bba5d1cf112d634c5,#DREAMProject Neneko,https://www.facebook.com/profile.php?id=100044570073501,https://www.facebook.com/permalink.php?story_fbid=pfbid02a39VRrjwDpvGXjEEMfz7vkVuQFZSFqSHBn8WRfRP8SA8WgCCVff6nKGsy4FeByDEl&id=100044570073501,Cosplay
6bac102886a34f23a4b1d8ba5f2bbc3f,猫田にまたたび,,,Cosplay
007a209841ef4c59945cf5aa6a2a058c,みゃーのもと,,,Cosplay
49f7537bde724d3dbcf991a9955b6f96,エビデタイヲツル,,,Cosplay
7dfa340b4c26429bad5c2e6aa743eac8,にもりうむ,,,Cosplay
cf82ddcd7e554df9b7fd58020ff29ba3,もこたんち,,,Cosplay
4d6fbed3c0fa40bc89159298c8ed04ca,くるみゆべし,,,Cosplay
260e23ee100143b4829fcd5f277e45be,りんごの木,,,Cosplay
97e3b0ca57bd4314b81b3bb3b706f888,ひなのお茶会,,,Cosplay
ed2bb160f56b4f89add075f73a6f704f,Keeko Club,https://x.com/keekoriiin,,Cosplay
8ccf1f17b9ab46f6bdce297f6400cd02,せなねっとさん,https://x.com/senanana_cos,https://x.com/senanana_cos/status/2089898599970975971,"Cosplay,刀劍神域,星穹鐵道,妮姬"
234f2f61ba2342e8b916763b7ed4a3a0,Puo mart,,,Cosplay
7334775ef7534ad39416723751b5fced,こんにゃろめ！,,,Cosplay
1778046b8403427d97f1de747b4dc1e9,non_nonsummerjack,,,Cosplay
8d9be99dd1b547c4b0e43bdcc6552ee3,HinataCollection,,,Cosplay
cdb5fdb20c874d07b9967afd6252f292,Hiroshi studio,,https://x.com/haru_no_inu/status/2089660528570609883|https://x.com/kujoamani/status/2090043537467597171,"Cosplay,妮姬"
0a15b23c9e9f490f8239112489c787c5,包子研究社,,https://x.com/haru_no_inu/status/2089660528570609883|https://x.com/kujoamani/status/2090043537467597171,"Cosplay,妮姬"
3dfc75ec42564c4bb3744f3285f6a558,朵莉 Tori,,,Cosplay
22795c2e64cf4a1096fafcd1d67f7c8f,cho~,,,Cosplay
b6327e0548be471ca5c6a62f31ea1d32,水月研究所,,,Cosplay
3de59fa3f87f494b96409c86bce49254,紫姝Murasaki,,,Cosplay
5f478d1a6199405f85fe1828c68de500,よみ_Yomi,,,Cosplay
948b06ccd8024c3c9ac64f62ac9fb5ff,akaoni 赤鬼伯伯,,,Cosplay
b7f01cba70bb440daecb7bc2ee6ea564,餓小璇Miu,https://www.facebook.com/smilecutty,,Cosplay
7da53d742be44494b06d4ec845bb7366,Tee,,,Cosplay
54ddc74fe28b45b7b665d90c3006fd37,825,,,Cosplay
fd6dde64e3404c1d9959bd3d2cb4cd40,Nao Cosplay,,,Cosplay
c0951993644249249876659db3f9187a,阿璇Xuan,,,Cosplay
ba27e1e8a2bb44f3aaf1b91ec7909bba,天使堡佑,,,Cosplay
2510a4fed3da48bbb4d72013999f7965,Helene海琳,https://www.facebook.com/helenehoney.tw,,Cosplay
3d7709948ae645cb9ebbd0afc81ba0cf,YuDan魚蛋,,,Cosplay
deb915ff78564eefbfb3ba880822ced1,栞栞與她的奇妙小夥伴,,,Cosplay
d08f356ce5ab47c998902ab1e72ccac1,梓瞳ziton,,,Cosplay
d453140a75dc40b99b98233fc9affd02,AKANE Cosplay,https://www.facebook.com/akaneee615,https://x.com/yuazzing/status/2089899781024051553,"Cosplay,原創,絕區零"
be0b4af285ca4dde88f20d6f3adbe898,蜜雅mia,,,Cosplay
d4aacc3b562c4ba68d94862028a68fa8,曇kumori,https://x.com/kumori_01,https://x.com/kumori_01/status/2088945876647752106,"Cosplay,監獄學園"
a95f27e56d044cbb8b4296020d5c255e,Luoying,,,Cosplay
99d18dcce88545dea2fbde2c655064ec,教皇和牛專賣工作室,,,
8873947a6b8b4bd69910eab2ceb77bc8,紡星社,https://www.facebook.com/profile.php?id=61573677164059,,"光之美少女,MyGO!!!!!/Ave Mujica,星塔旅人"
a1003cf02094496eb2bdeb68cea6dad4,角角吉診室,https://linktr.ee/gigigi0423,https://www.plurk.com/p/3j1vy519jt,"原創,MyGO!!!!!/Ave Mujica,上伊那牡丹"
db57ef8e801c4a71ba25d63d4ae29a97,MWKK,https://www.facebook.com/miwa.koku,https://www.facebook.com/miwa.koku/posts/pfbid02zRCWYmQhurd2xuUQQk3hUuUQKDaxPrtCLXPxYfP3P8dLZTQsoCQX4YWTbeMk9Gb1l,MyGO!!!!!/Ave Mujica
110b34d75b474b218348deb83e176dba,MR工作室,,,
1b87962aaba44daf928c4ae7d62b548b,PassingRain通り雨,https://www.facebook.com/tooriame,,"MyGO!!!!!/Ave Mujica,葬送的芙莉蓮"
7541fcd527b74b0b800675ce22f26077,地方的哭逼有了繪版,https://www.facebook.com/QBdrawingsomething2015,,
a69142a9bc46406fac12b6b5d17717f5,Anon Taiwan,https://www.facebook.com/BANDBAND1027,https://www.facebook.com/BANDBAND1027/posts/pfbid02q9tEqwCEpCsfip82pcRXyznmqKegZ1SvDCYpoVq7Pb2TvQvwJVn4zAbNBsGFMyizl,MyGO!!!!!/Ave Mujica
6e0cf80c1c5a4a30b6d5e9c15e726584,新橋本屋,https://x.com/ak_lina0,,VTuber
248abca8c919441bb9c9adfaec4bd98a,蟲蟲商號,https://www.instagram.com/chongchong077,,
de2eb946d50c4525aa13438290ac80fb,KARAS押形,https://www.facebook.com/KARASoshigata,https://www.plurk.com/p/3ixyenz7wt,"原創,上伊那牡丹"
dd46b1ba313641d897db1d7f1347935b,魚燒,https://www.facebook.com/yuclovers,https://www.facebook.com/yuclovers/posts/pfbid0FjqrVrCyEkqRfDYhEhX8C6BzJshfN6Ebbf2xwDchHMs5MMUs9ubTZMSpjKr7dUSxl,"MyGO!!!!!/Ave Mujica,超時空輝耀姬"
207fa9d6da9f4116bc33a3343b2b6b8e,Alice Hobbey何比,,,
c65ab078725e40819c3eae8b9f379333,Tibona,,,
854e5837c1134a0d8d82e0fc6c6caa5f,狐狸的尾巴,https://www.facebook.com/omarutail,,"MyGO!!!!!/Ave Mujica,Girls Band Cry,GQuuuuuuX"
23d25e6deca6465a83103c69eb1e8368,香のん可可 澁谷本舖,https://www.plurk.com/goliio,,Love Live
f0f55ca113fd4dddbe29de482119a770,野菇軍艦,,,
9b258e8c4cc2450e91e399733f439bc6,MinuetWorks,https://solo.to/travis_minuet,,"音樂,Vocaloid"
914289d0f23746c4a91c865c5a1c6d74,ボカロ虛擬歌姬交流會,https://www.facebook.com/miku3939circle,,
968028d43f8f41088969f7dffdec40e5,巨龍棲息地,https://lit.link/en/twponpon,,"Vocaloid,寶可夢"
b5e3d8e5765e4e3a92028ab537fc176f,VSPOT,https://www.facebook.com/vspot.tw/,,"音樂,Vocaloid"
c2ab2e2d6d374984a657a28d153e5d67,雙馬尾協會,https://www.facebook.com/profile.php?id=61573054561350,,
c6303313f92e4cc08dac22656b48e8c5,同桌不同推,,,
49f9120396b64e23b494f540adfb8d40,木子的百合花園,https://www.facebook.com/MuziYuri,https://www.facebook.com/MuziYuri/posts/pfbid032wegKn9ah8k6R2NeAcXBrb3f8oQphw5Cd4A65q8gE4rLPkASCk63b2x1Pn9FGF2il,"上伊那牡丹,原創,超時空輝耀姬"
8b52dc68a05e43db8c29430ad732dffa,多多,https://lit.link/zh-tw/yeijijia,,MyGO!!!!!/Ave Mujica
eb324352796c4cf5a3fd72e1d050d4ae,自由黑貓的紙箱,https://linktr.ee/mistory8,https://www.plurk.com/p/3j0l5gnimb,"灼眼的夏娜,原創,上伊那牡丹,夢想成為魔法少女"
ac3dca81bda44494ab957d136fdb5a71,大幼蟲,https://linktr.ee/lianbiglian,,"我內心的糟糕念頭,鏈鋸人"
38419928535d4c7c84f875a390a1ab5c,MIBRY,https://www.plurk.com/phrysm,https://www.plurk.com/p/3j1lj1hei0,"Code Geass,我想成為影之強者,吊帶襪天使"
6e07665029fb4db895170ac1e1d87474,百元肉肉,https://www.plurk.com/saboechiyan,https://www.plurk.com/p/3j1hzlwzg6,"mono女孩,搖曳露營"
c4acecd1149a44da8c78d86765305744,千煂+BS,http://www.doujin.com.tw/groups/info/611/books,,
b722cfd7d8ab4343ba1ffcc65614b9ea,瑠璃瑠璃企画,,,
d0ea0e04347349e8853b596f9ef5bb14,蘿蔔農學院,https://www.robosquat.com/,https://www.plurk.com/p/3j1wrrymtb,"鬼滅之刃,原創"
a9fd329581cb4c32beb82e771a56834f,貓專用牛乳,https://www.facebook.com/mikan888/,,"點兔,光之美少女"
bfef0d75a52d43768f4daafc1543f5b6,卯時日和,https://x.com/Darkpiiiii,https://www.facebook.com/permalink.php?story_fbid=pfbid0VgSGXLpiFA3mehjzEQgkYa2Z1NmrZxMvkfNAK67cvMJLPmwsHhtnt9pC38bRgBxVl&id=61586754237293,點兔
d09b6f59feec4c29b230d0c91e42c571,黑白工房,,,光之美少女
62b3519119434495a2385191c4100d5c,EMO個人,http://www.doujin.com.tw/authors/info/ricemoe,,"Vocaloid,葬送的芙莉蓮,排球少年"
9d75c818780d4df6b0049c659a4bb72b,好緊先生,https://www.facebook.com/TIGHT.OHMYGOD,,葬送的芙莉蓮
7a968314f02e4d8c979d2039356fdcf5,雷光刻幻,https://llsptw.wixsite.com/home,,
e49da989302d423fa8b5c8b9004aa8b9,盛櫻之汀,https://www.facebook.com/profile.php?id=100072079989043,,
5b67e794903a4cdc909976054120d505,貓咪窩,https://lit.link/zh-tw/lunluncat,https://www.plurk.com/p/3j1raopi8u,間諜家家酒
266708c1dc7b445cbe6873f24ac97d4c,交大動畫社,https://www.facebook.com/nctuanime,https://www.facebook.com/nctuanime/posts/pfbid0tnswtiEyrc5Zrm7hkius31zzbR4HugqjoW4WwRTfvxAm3TbX9xfk6W5scJtM2WeXl,
430d8126cbd9487b8caefaeb243f42dd,交大 VTuber 社,https://x.com/nycu_vtuber,https://x.com/nycu_vtuber/status/2089289999036694805,VTuber
4d040ff13a884ba7b15169aa036c4283,NTUCCC台大卡漫社,,,
fe34ec9f99bf417bacd641789ff4eeb5,Socotaku帝大社研宅學組,https://www.plurk.com/socotaku,https://www.plurk.com/p/3j1n0i3s9o,
8b6694fbb4144b0caffd5656888e9f60,歸宅本部,https://x.com/tenshinrour,,原創
874af966f2ef47f5b91c18578ea5c42b,猛少女之拳,https://x.com/FuStvfu,https://www.plurk.com/p/3izhnni7vh,"鬼滅之刃,我推的孩子"
ce044eb0c1a14d17bb2603162a1f127b,AZURE DRAGON,,,水星的魔女
d77a29f567ed4235ae0c3b5f32c06bd3,いおいおいおりん,,,
38c276ea87c742ca8a37285d4fdc31c2,Goro,,,
34fa9ecdb1254633802871c3d1ffb966,DSP國際,,,
ae60a0497b224e3ebb7932777376863f,Xamu ArtWorks,https://x.com/Xamu_Rumble,https://x.com/Xamu_Rumble/status/2089996684717937057,鳴潮
159598c78d1e4ab899d8bb25e53a3c0e,7B鉛筆,https://x.com/kateterkk,https://x.com/kateterkk/status/2087032725270417690,"鳴潮,原創"
2115bd0887084a969c417a06b083e6c7,AIZAWA 藍沢津,,,
0c0a15e878d143a0aa91c3120b11e27a,NC731,,,
9611f3031cff418b8ba731e362ff7c0b,Hanasawa花澤,https://www.facebook.com/hanasawa062,,"鳴潮,絕區零"
a78eb99d41ee452892fdfc7af61872bf,河狸Biba,,,
521d27bbd5b54ef39ea6b371ca71e9f7,肥肥紅鳥保育園區,https://www.facebook.com/hong.cook.2025,https://www.facebook.com/hong.cook.2025/posts/pfbid02T8TMvGcq2vGBrH73vFZFZfRes1zfLGno7kwJvHXLUqVCnAkVsoGDj9pvMJNfVFWil,絕區零
afd60ed6f6cb45ccb7068d95d6d304c5,鴨麻麻工作室,,,
085a28d5e55247f3b705900d5ba11443,虛位以待,https://www.facebook.com/wu.huang.yu.836057,https://www.facebook.com/wu.huang.yu.836057/posts/pfbid02WqvdtRnsBmZeb3Ys3nFYZ92tx2LCievShTaLoc5dn9biGsRLMbDrCUBA4zVTALQvl,妮姬
f0f2e6b797a54d0c868dbcf798bb24a4,猫毛猫,,,
cee2bd445fd24ea38687a0289329f2d6,貓咪豆腐店,,,
264609201f7b41be921d2e0cd5200085,魚鵝不足,https://www.plurk.com/hanbok625,https://www.plurk.com/p/3j0rwnza9a,妮姬
0ab3d54dc3f34e189234deecb3989797,夜玖旅團,,,
146d096c879c4795b13b8f8257c7ad0c,羅波田,https://x.com/tian_luo_bo,https://x.com/tian_luo_bo/status/2088315195810894097,絕區零
70ba1e97a2d840b092de2da78d7a81d0,麻鼠麻肉,https://linktr.ee/marow3120,https://www.plurk.com/p/3j1l50ouks,"光之美少女,絕區零"
ef9fc1263e654b41a4b338791e187e57,四月兔工作坊,,,
b69cc9f9bfc546f2a50b7c422e873da8,深入研中心,,,
b2d68f3b3e4c4e588682c2d467f63ead,Pure Reverie,,,
8a594b8f1d594b02afc55a749f4ce563,OBAN KOBAN,,,
fb0f6bcfce634d899ce431f881e3b13f,Makrows,https://x.com/Makrows_,,"原神,星穹鐵道,賽馬娘"
6b9ad43db8c343b2a5d5d80cef96be75,箱貓效應,https://www.facebook.com/chestcat,,賽馬娘
766536ff18f646409dd41ef277cd3b36,麥茶園,,,
bf25b8fd661345f896c62aa46b700d55,媒丁豆子,https://www.plurk.com/ding8059,https://www.plurk.com/p/3j1wo044rl,寶可夢
a70c422e6f7f4a749048bbd6c7e78487,～NEKONABE～,,,
b97e64afd3ef4b7eac30f7eddf0189c2,ミミトハウス1号,,,
a2c4a085118a4f57b9bbeef6efa53b57,HIWAWA工作室,,,
42093514cb4841c082c73944b56a8ee9,亞瑪吉大肥羊,,,
0ac32c646dc943519a0b8b6d69d8caf7,Shawn創作,https://x.com/Shawn_20525,https://x.com/Shawn_20525/status/2089982763718119477,"明日方舟,原創"
1a86110bbac047588f5adb958bafddd4,克蘿到底吸了多少,,,
ea580975d8b140d38b393981cf301770,不要碰我的狗,https://www.facebook.com/profile.php?id=100064811495948,,
6ad62d7e3f9846669f27d80ca74c19d4,一隻呆呆魚,,,
aaa7d967f70b4b18b805b734fab13935,格爾迪恩的芙拉爾,https://www.facebook.com/MFgeldian/,,"原創,二創"
e63d41857561408cbc2cbfcee6ffed90,紅凱塵伊-個人創作,https://x.com/bafunier,,"原創,二創"
27482c4d4abc4859bc828c871091a2a0,ZELITTO ARTWORK,https://www.plurk.com/sonic1001,https://www.plurk.com/p/3j1vp2ghr4,寶可夢
8b5f2a2cac7f4b9382448909df234643,FLag不正常冒險者研究中心,https://linktr.ee/flagbox,https://www.plurk.com/p/3j1ba5y8ie,
b96b4688df724c00b290b79b7bbf233b,無何有,,,
4bb677a5ffa14b8194da40dd6339e986,肉世界,https://www.plurk.com/yugi7345,https://www.plurk.com/p/3j1w2nwdgk,原創
f07672317c3748c395b721fe383dc541,萌妹萌,,,
b9e1bfe2e4af46da933bd1948dba5dbf,紫乃沒有乃,https://www.plurk.com/CNO,,藥師少女的獨語
888ef961f28e4367a7985df41b726a10,カルデアコスメ,,,
9d453bd2388846309797ac702b3bfe71,カルデアごはん!!,,,
953e1eae66554a7c80fc0bfc64bbd3a7,熊老大株式會社,https://www.facebook.com/bear.boss.348298,https://www.facebook.com/bear.boss.348298/posts/pfbid02cHXv4CYRYUcMPGw85TrtoZAm7KbwiwME11S3do6Q4AHxJyVYessvdyWbubjQyCDql,Fate
4ae3a98465e4476db699539df5521723,驕傲香蕉,https://linktr.ee/Proud_Banana,https://www.facebook.com/permalink.php?story_fbid=pfbid0vNWQNTPCH2V4xUxsR3ooiEsE8kKh91YExEJVK9Ug9xxTeM7S3FjteMYpSNRgECgel&id=61550052955941,"原創,魔物獵人"
ce876b03af5647a3a9e37d664ca06895,A-icu 龍の巣,https://www.facebook.com/profile.php?id=100091688690320,,"蔚藍檔案,原創"
cc09b70b93ed45af8152aa97ed6ed9d8,臨終サーカス,,,
beb7a4b4c1524304bcf998b5942b6880,感電少女注意報,https://www.facebook.com/kanden0,,
95b9b6c9a31147029c9c86752c5e8d7f,ざしきねこ,https://www.plurk.com/poniponipony,https://www.plurk.com/p/3j1wwa1oim,原創
08d7f3f1b04340548d003a7c4d2d91a7,魚腥貓窟,,,
6f1a1f1e2bc445558a5934b43445a10e,海老玉,,,
2db868626a934c829970b6d833314feb,irodori comics,https://www.plurk.com/irodori_comics,,原創
bacba8a5b1e84fc6a54fbc4d9b33b8ef,記得繳房貸,https://portaly.cc/nagadrawdraw,,原創
637d6b513bd34d3497af424e734c450b,邊緣小地方,https://borderline2021.blogspot.com/,https://www.plurk.com/p/3j1s3nvbsg,原創
97569173cba34691814c48842e8b029d,UAV實驗室,https://www.plurk.com/ccuav,https://www.plurk.com/p/3j1wy7kzuf,原創
88f34203c3064e318fca9b7c7f712b4a,ANRS Project,https://x.com/AnrsProject,https://www.facebook.com/ANRSproject/posts/pfbid0SH6REMf4X7Z1NPsLhqo5EvtnrXm49KTxJh9v7EQjTfTpncMcTxSdNg7GmsQxjcWhl,原創
d9e3479d05a74e2aac9777ac192d5121,Atha Atelier,https://www.pixiv.net/users/3367474,,
81416e4abfec42969153c756f115842d,【ZENTENG】,,,
cd855db0e8bd4ce694a958050c46e597,太空水龍頭恐慌,https://www.facebook.com/SpaceFaucet,https://www.facebook.com/xiao.xiao.zhang.520906/posts/pfbid02GVduGqWqSgXuXXXKNZNuotiboeZrbM4DU68TbSZobPHYV5rhqCX3yaNSqzicTtQ9l,"學園偶像大師,蔚藍檔案,銀河特急,豬哥亮,MyGO!!!!!/Ave Mujica"
593d626006cd4663af3e084f5b8b637d,老尾,https://www.facebook.com/Lamp159568,,原創
04186e9bfe6e42b3b9cfe25910631f09,肉腿本舖NARU,https://lit.link/en/narurock8925,https://www.facebook.com/naru.ban.2025/posts/pfbid0e468526NUKdMsNiRxNuNzmUKcDCJyomFA5JZMwjHrnPrpbmvg1a1oN5PGdE3sgY8l,原創
4829bc6e141944939575b40fbf978089,超級同人大戰,https://www.facebook.com/superdoujinwars,,原創
2a9e70b7538042ebb6cc678a885c689f,仲夏の浣熊,,,
1631422473404c4193e76caadcad9aa3,雌火竜非彼火竜,,,
d440a668a7f74671aaaf7779eb25255e,白百合堂,https://x.com/shirayurido,https://x.com/shirayurido/status/2089380034054410294,
0456cc31c04f4b46bf0f76be07b7d551,毛毛精靈與牠們的喵喵迷因,,,
2082dfcb2e804d00ae02dc2791970104,紙箱貓屋,,,
e727a80d32a048a388baf22eb78fa560,水餃寶包,https://portaly.cc/smile1312,https://www.facebook.com/smilesmile1312/posts/pfbid02qBXBHGbZDpFnP3LMUtQahSmEeWxe7e9ggrhuyBym8fwPqviHMcPtq8xjbg3X417rl,"絕區零,蔚藍檔案"
51ddef98cbf844a0a9cc7eaeda6ae10d,F.W.ZHolic,https://linktr.ee/alex30818,https://www.facebook.com/permalink.php?story_fbid=pfbid02oK5UmRyxPUZyiWdtdU6NuAm6bmGGFJydp8sC856YxxJAe6g2qZnkdQJ5u7L4TbGJl&id=61580528552142,原創
349311b555c944549c59af724a4f076f,本本力學實驗室,https://www.plurk.com/doujinshi_laboratory,,原創
ee3d215e1c0e4560a1b459b0aebea78a,AxiaBridge,,,"原創,音樂"
f2fcb158ddcd405a9b9eeb9aa8c31ba6,作業系統,,,
bae1b02bc7064b41a42b254d4ecddc85,樹蛙孤逃,https://x.com/chulouilo2,https://x.com/chulouilo2/status/2087464894128136206,原創
d6e86bc55487439ebce8776860e1dcfb,オンキュウ,,,
c690764b3e434fdfbd8f2121368baf62,木吉高機動型,https://www.plurk.com/JOHNJOHNW,https://www.plurk.com/p/3j1v4j3el6,"原創,蔚藍檔案"
3feffa47a6424fc6947afb8753b87b3e,鯊魚狗鯊鯊,,,
8a3ea15140fd4f18a445f585790954f2,一顆馬鈴薯-燦,https://www.plurk.com/potato80501,https://www.plurk.com/p/3j1sc5kpzb,原創
b2e6d2c0dd934b7aa122ef906b2f067f,深海魚缸,https://www.plurk.com/torozai0702,https://www.plurk.com/p/3izyu9ix54,"原創,VTuber"
bc737e655a9b49c18bb85e9b9e5153a2,湯米二七,https://www.facebook.com/liu.tang.mi.445919,https://www.facebook.com/liu.tang.mi.445919/posts/pfbid0ZtJEYK7M4Up1BQLwbVGBCNe7QZp1sFDrMrK3Bq3P9u2dS84LWBi7vyyRiXAiMox8l,原創
766a1026b7414d5d8785b58b9f9e9c8f,大御哦哦哦,https://x.com/Dayuh_820,https://www.facebook.com/dayuh.kawa/posts/pfbid0NJfG5VXVpgjSz6PNMQjsTYpSnyR3ESaTLQxXnpKvnx8rAwohcf1EA1AfNBGybtTLl,絕區零
3d2268b52ff3467bad28e0ab116343d9,向日葵茄子,https://www.plurk.com/zackary60272,https://www.plurk.com/p/3j1wjmj90o,原創
5e9c413ccb2943c4ab40fdaf96a65b66,楊梅高中動漫社,,,
f94129c8ed154854a8835f993a8b1114,My Garden 我的庭園（羊毛氈手作坊）,,,
eeae8fa24cac4a57afbce34cc912fe9e,悠代子,https://www.facebook.com/sophiavera.lu,,
2c99e50365e14a93b4bec385e4f4d2b2,Zudarts,https://www.facebook.com/zudarts,,
fa39acb2f6a04228816c2372b92fee55,淡江大學鐵道社,,,"鐵路,學園偶像大師"
73fb80aef46f4792bcb6300e0189bd14,Tobey·又·,https://potofu.me/tobey,https://www.plurk.com/p/3j1n594rfe,原創
46c386785a164f07b27387b21e42775a,CATPOT x KUSA,https://www.plurk.com/kusa_space,,
dc9c022f9fbf4dc9aa0273de42af6c0d,町町噹噹狗生活,,,
480e6e78f512481397f320f918543a11,Mr.Dom插畫,,,
76c1a574c7ad44ee969120e36882230f,攻勢主義,,,
a6f9f0f7d2d646dc9ab5595a82a16cc2,和羽と天羽,https://facebook.com/110708794040667/,,
fe00af81c7854812a3390f87151846ff,Orange柳丁喵,,,
e5c88bf7287345c0999b21c4790bc5a8,A-Brei Atelier,https://www.instagram.com/a_brei_atelier,,
18cd4217463f4f64b1263cac7ed501ff,甜珍珠,https://x.com/amaimiart,,"賽馬娘,寶可夢,VTuber"
937744c0c1fc4d85ae6f2cd167eaa096,廢寢忘食還是想不到名字,https://www.facebook.com/ne.wi.58,https://www.facebook.com/ne.wi.58/posts/pfbid0EGmSzGMEX5PXiQ1RVUqQZ9Q7MkyEkGi71SqubqWoEBhaKRo1TykASuw2g3TahSfbl,VTuber
dc59ceb3f5e44db9b59abd5550ba21f3,LemonQOQ畫不完 想睡覺,https://x.com/lemonqoq,https://x.com/lemonqoq/status/2088161895534739779,VTuber
2c8677fb39fb45c894c97003a0139037,白色花園,https://x.com/Rain76418135,https://x.com/Rain76418135/status/2089319284061421703,VTuber
5318dcfc44c243c7b9538f9af6a6bfe6,小文西畫廊,https://www.facebook.com/profile.php?id=61557752053454,,VTuber
8841376fa42e4d79a82312768bf98374,六樓忍者村,https://www.facebook.com/profile.php?id=100095094920235,https://www.facebook.com/permalink.php?story_fbid=pfbid032eHbL2RcmDGiqfL8P7Q3QZzBzKZNt9GJNkHWSFHY93ZBKuAY19459uBFFf6jfcKtl&id=100095094920235,VTuber
4b286bf79ad441e6a8ddedf1c87a8073,鬼歌Obake,,,
262a503e9117436185dba5899ca461f6,DDD大王,https://x.com/Foxcoco210789,,VTuber
91149715b4c44a889ef9fc93c9fc137e,浣熊會洗棉花糖,https://x.com/_uri_world,https://x.com/_uri_world/status/2078492902196719858,VTuber
b86612592fc547cc9ce11ecd233604ed,愛過橘毛陣線,https://www.facebook.com/lisachang2011,https://www.facebook.com/lisachang2011/posts/pfbid0JztP18w3vkqjENCeNSeYMBTMk6sXJHKNfVaweN7TEjGHEVHrdatyH1R7E2GS6khNl,VTuber
f2d0bf089f224fa299a1f325f0334407,拌飯ビビンバ,,,
a6c433c0a38c4ebf8db273a17c8ddc18,丫鴨,https://x.com/Master_ya1122,https://x.com/Master_ya1122/status/2088992421195796760,VTuber
f86741dad9b549e997fb46aa4c95ac6a,李神隨便畫,,,
0f63f73781574ad09223cfc91bc6d814,馬鈴薯,,,VTuber
1b72c571919a490d858fc6f71ca10483,蘿瑪ロマ,,,
e96f0c83272343d8ad200f78113a8248,獨角貓貓星球,,,
a98d994252624b7c80c9689c523c855e,喵漾日和,https://lit.link/en/shuiyang,https://x.com/shuiyang_0730/status/2089341009654354143,VTuber
051177958d9c46a8984ecd046d1d90e0,米型自動複製單元,https://x.com/setoharukano_12,https://x.com/setoharukano_12/status/2087792326307631133,VTuber
51936aca8cda4dd482f7066c64465bc7,粉白史萊姆的黏黏窩,,,
a4f012c3415446a2babfb3230500a121,地圖邊界的浣熊窩,https://lit.link/zh-tw/araikumaru,https://x.com/Ara1kumaru/status/2086336949766558056,"VTuber,GQuuuuuuX"
e5a90edabd87414bbe153fc208f58cdc,Ikusen,https://www.youtube.com/watch?v=coZxpzzPvIc,,
b8479bc37ecb4cd384d965969b8aa8fb,N.D.S.L.,https://www.doujin.com.tw/groups/info/365/books,,"VTuber,都市傳說解體中心,迷宮飯"
cf97b9e6bc9c47098015fbc198c3567d,正經同人,,,
eedd6c9d4ca049328b86b751ebf65a7f,心桃魅夢,,,
bac935d262254bd7bb1124feca53564d,雲上貓,,,
565801b64b8d4631923094810b9ad345,方舟 Ark,,,
7e6b58f48c5c415fb4b5d0b0bba93c08,Daidai是隻貓,,,
6e547fcbde3e458f800ea7ab81688a27,夏日吉典,,https://x.com/hyoukakoori0126/status/2089532736016957450,VTuber
665faae59a134b348140a65e7f2857ae,卡爾比,,,
178e4105d1cc487e888b3a43594f9222,XiYun Studio,https://x.com/YunXi580169,https://x.com/YunXi580169/status/2079369897713471580,VTuber
3108f8a2f6fa4aa8ae4159b81c302afb,花間絮語,,,
5343fc32b7ca400aaddbae5e10489a59,聽說填這個會上,,,
e4dbcbf109234e95a58c2b9ed4cf9dec,秋芽與小花蕉,,,
0956bd3058a94c36a72a960d4bd2a19d,翊丰嵐繪圖屋,https://www.facebook.com/profile.php?id=100090106869902,https://www.facebook.com/permalink.php?story_fbid=pfbid035egk6WfUu6sepCFbv6CKGhsgH9SnW3dz6MsgEZ5z1Qg3NH9B6tbJvZU9TbwMatB2l&id=100090106869902,VTuber
18310da73dd3483ca152760e740f421a,天風耳膜一天用十副,,,
795681429e8b4dea88bbc2c8dbf6b891,兔王,https://lit.link/en/BunnyK,https://www.facebook.com/bunny.king.5015983/posts/pfbid0nJDAZ4gb2oZbiSxrAcwTKiMLFLSWjM8MtJNT1RKUuZ88uSJ41RczZqrB1qfk7cYFl,
ce6b3c035e3146059409a29a10aad7b1,SPICAT,,,
33b8b6f71f214219ae3b26346569c0d5,抱大腿的魚璣懶洋洋,,,
a91bbd4b86534710975fdc7cdadd7e05,卡滋箱,https://lit.link/zh-tw/kazkazma,https://www.plurk.com/p/3j17d5fiie,嘟嘟臉惡作劇
7766bbcb92e942689a421f087796ee14,飛翔吧！埼玉湾連合,,,
17c8baf0c4a94efdbee4f172b61627d3,Moe Linkage,,,
881b57c99e9544b496b6e4d967872e4d,拜託快來買學馬仕合同,,,
fa234bd122bb44818439edc27dcf02ba,真央城公園,https://www.plurk.com/fcemao,https://www.plurk.com/p/3j1kr2qs5h,偶像大師 百萬人演唱會
5fe043f665af4569b7f607c60469a287,爆裂プレート,,,
dd52ccbd236444e4991bc158da957509,九尾貓desu,https://x.com/NtcMuffet,https://x.com/NtcMuffet/status/2084997352272855408,魔法少女的魔女審判
d17c2a0258f7439fac4ac18703994967,惰性液態,,,艦隊收藏 
b223d786e81c459a9e9e340f520b6c3c,Lycoris Garden,https://www.facebook.com/LycorisGarden,,"艦隊收藏,戰鬥女子學園,Fate,VTuber"
ba44bd5b2a1942ccbf79a310c9ed60f9,青葉工房,https://www.facebook.com/hiko.pi.39,https://www.facebook.com/hiko.pi.39/posts/pfbid0Z9bh3FCyGR8MTmhKHmpvoUvypGEmFXHDDYUj1pJ6rnvBmXB7o527Pd5Q3ukSkKu8l,原神
b94f0e90143d46dfac4e1c06196882b5,AiTower,,,
f5c615a0aa5f475d96652b734da63607,風啟物語,,,原神
a853fa2c8eee4ad886b344e5fd62deac,iketara_iku × Ma.,,,"原神,蔚藍檔案"
c252096777994745b2ea568ddc6da597,雲尾Art Works,,,
7f454024fc0545a0849c6e753b936e07,Kuro Kanin,,,
9c9b3ebe5b71490ebf944a130bf9a5b7,休止狐不是羞恥狐,,,
8deddf54c94e442f98b8fb43ba9906b1,雜草丸子的培養皿,,,
bba212e8afc343e194337846cef46367,Torinosu,,,
d5d85f192eeb4893b9f1be0be50f099a,咪歐歐宇宙,,,
64cf57c367d44b8cb2580de567bda050,聖瑪莉修道院,,,
903605f960094b5ca6cde2be4208d988,秋荻少女,,,蔚藍檔案
5f2bbfaad8914c57a5a86d442d4ed43a,MapleSyrup,,,
435fb440a9484c7991df469b6119c119,海苔章魚燒,,,蔚藍檔案
11efae3927814584a7efa6248113fa6e,湯原駅三十五番線,,,
0f91674e5af5491ca1dc0dca26f73951,左手有六指,,,
ebc2eedd3235438c90632d656ad33de8,次文化夾縫,https://www.facebook.com/la.lu.357297,,蔚藍檔案
1081d045439d4afb80a95f01153a34af,豪Q喵小舖,,,
a2da40a112c6488c8c9ce31fe022499a,長頸鹿梅雨,,,
44d15504b9994eb0ae136aadf83ab04f,迪達迪達達,https://lit.link/zh-tw/diudada,https://www.facebook.com/DiuDaNa/posts/pfbid02bdKPuVu7jCCQuxRBcDzNWNaW6hGioxzLNRk4yJeD5K8Qj7uHmhp4QSVnxVfoM7TEl,蔚藍檔案
542a8ec5365544ea9f7b8687ce7c26e2,逆時空三次元,,,Cosplay
4ceee637673b4d0aacf754f22ff8f62d,Ola Aphrodite,,,Cosplay
b67a57e90fe341d7ac0679829d03dbbd,ShiragaYanko小泱,,,Cosplay
d99671d7b2734ab9ad3b2bfab2512230,一個簡單的黛黛,,,Cosplay
53782043e9ba41daa8ef73b96d328b61,周荀 DenKa,,,Cosplay
c639c622b788497bb88c98a02c6ce358,May梅 Cosplayer,,,Cosplay
e26cdf07840c4863a9be0f9c111aa40c,嚕卡蹦分貝超過100,,https://x.com/natsumi0913/status/2089657334515855650,"Cosplay,妮姬"
2f35c8662b4540579c01aa0010ae3ee9,艾青的眾青平身,,,Cosplay
cb111fbd882648bd843b0ab0aabe4675,小町牧場,,,Cosplay
2663aa4847ca499d859839c8aa992601,湯姆貓工作室,,,
ae7427351f67435395bfcb4fd63dc0a6,すずらまーと！！,,,Cosplay
47f1bca433a14d1588850c382ff571d9,kao_Graphy,https://lit.link/en/kao826826,,"Cosplay,妮姬,Fate"
2b65073e6c8d4aeb95ea7cfd7490d609,キッカニッキ,https://x.com/kikka_cos_sub,,Cosplay
b91f1a284fa247a9bb22c4bff08005b3,あみったけ,,,Cosplay
819ee35f7aed44b5982e4d110968ae97,ありぃずこーひー,,,Cosplay
cfd409f3e5ef42aeb8bbf1f2e40222ef,ユカニュンの生贄-YUKA HANYU-,,,Cosplay
15124e9fc39641389293120d627117e8,つぐつぐ,,,Cosplay
8fcd2a1d55cc479a95e84c0ab4b53583,小翼小光180,,,Cosplay
df7fd6bd916147dc82e1d6414db94900,星空下的白日夢,,,Cosplay
8f6a7fe0af1747e0909052a96f78089a,小羽feather,,,Cosplay
ac0b223a89294816a928edea87fad362,鮪魚水中游,,,Cosplay
6e29d6a33686497db2c422af5ff44983,尊尊快樂狗園,https://www.facebook.com/Zunzzzz,https://www.facebook.com/Zunzzzz/posts/pfbid0SMZg6S61UQUXGs9N2Jhd34Ds32SNQBvshZwE3M4PSm2GRrayDvmhNzRW17v7zSoql,"Cosplay,VTuber"
d1a6aded341941d481d47116f406e465,文西朋友,,,Cosplay
6be0735166f440ef9b82976291661751,一輩子少女樂團,,,
a700b41f47104a008f39001f730dcf1e,K醬,https://www.facebook.com/s092077,https://www.facebook.com/s092077/posts/pfbid0R3ET3J848qfM2qSjnZizG4wsdZ749Cm4EDMP1fdZMNKkNgGKoaJJGv8N2JoizvjHl,"MyGO!!!!!/Ave Mujica,超時空輝耀姬,BanG Dream,Girls Band Cry,孤獨搖滾,K-ON,Love Live"
06a60b6a4dff4c758486ebccf4f9a9c1,Weige,https://x.com/lnwi0323,,MyGO!!!!!/Ave Mujica
dec39e0166a1490bbf069afa0e0d8d0e,SLOW START,https://www.facebook.com/sloth.xu.9,,MyGO!!!!!/Ave Mujica
43940043c2d34f25aa889b99ad431f64,Masi,,,
2df34cef8cea4af9988dc7a9ebd3e07a,實體化技師團,,,
54e53e4daea3403d85e5273d4ead069c,秋奈-AKINA,https://x.com/akina_mochi_,https://x.com/akina_mochi_/status/2089631585666764996,"Vocaloid,VTuber"
ac976ca9e46b4f788f3da080ed179038,尿酸値下げ隊,https://www.plurk.com/kametarou,https://www.plurk.com/p/3j1whtuztj,
55f0659739054e2483647f2cfdfe88da,HOTCUE.,,,東京卍復仇者
473aab21400940948c6378a268f636e8,絕讚發情中,,,
1baf172b00c34675916e59254225b3a1,肉球不加蛋,,,
d044d84013674352aa9fe7961edf72ed,2.5,,,
09fc945e5ad64b8ba330ae3839043f75,小白鹿 WHITE DEER,,,
008f8096674641eca65ee3f293b8f04c,黑嚕嚕的六華貓,https://linkby.tw/sixhuacat,,
f9c9cd764a18453082d0d387c40c6991,奶油栗子大棕熊,,,
81698d3ad1324ab9a8d5a3c253cd1ab4,大福喵喵,https://lit.link/en/cattsuki29,https://www.plurk.com/p/3j1wqwl3c8,原創
7894550ea6944f9f8094290a5ef4a7c6,Lolipop Complete,https://x.com/ilolikoiko,,原創
5e68052f64f046668dd3223363d0f2d4,みゆる〜む伊月的空間,https://www.plurk.com/bluetwintail,,幸運☆星
c92e78ed2aa24ce6a186b2117a35186a,黑毛圈圈,,,
791f454eede44ec291a63e1e144ec8fa,Bubble Wave,https://linktr.ee/Bubble_Wave,,原創
